0 verbose cli F:\node.exe F:\node_modules\npm\bin\npm-cli.js
1 info using npm@11.9.0
2 info using node@v24.14.0
3 silly config load:file:F:\node_modules\npm\npmrc
4 silly config load:file:C:\Users\user\Desktop\hoji_falsafiy\.npmrc
5 silly config load:file:C:\Users\user\.npmrc
6 silly config load:file:C:\Users\user\AppData\Roaming\npm\etc\npmrc
7 verbose title npm install
8 verbose argv "install" "--cache" ".npm-cache"
9 verbose logfile logs-max:10 dir:C:\Users\user\Desktop\hoji_falsafiy\.npm-cache\_logs\2026-05-04T08_00_21_717Z-
10 verbose logfile C:\Users\user\Desktop\hoji_falsafiy\.npm-cache\_logs\2026-05-04T08_00_21_717Z-debug-0.log
11 silly logfile done cleaning log files
12 silly packumentCache heap:2289041408 maxSize:572260352 maxEntrySize:286130176
13 silly idealTree buildDeps
14 silly fetch manifest framer-motion@^11.18.2
15 silly packumentCache full:https://registry.npmjs.org/framer-motion cache-miss
16 http fetch GET 200 https://registry.npmjs.org/npm 2535ms
17 http fetch GET 200 https://registry.npmjs.org/framer-motion 1517ms (cache miss)
18 silly packumentCache full:https://registry.npmjs.org/framer-motion set size:undefined disposed:false
19 silly fetch manifest @emotion/is-prop-valid@*
20 silly packumentCache full:https://registry.npmjs.org/@emotion%2fis-prop-valid cache-miss
21 http fetch GET 200 https://registry.npmjs.org/@emotion%2fis-prop-valid 214ms (cache miss)
22 silly packumentCache full:https://registry.npmjs.org/@emotion%2fis-prop-valid set size:undefined disposed:false
23 silly fetch manifest react@^18.3.1
24 silly packumentCache full:https://registry.npmjs.org/react cache-miss
25 http fetch GET 200 https://registry.npmjs.org/react 2735ms (cache miss)
26 silly packumentCache full:https://registry.npmjs.org/react set size:undefined disposed:false
27 silly fetch manifest react-dom@^18.3.1
28 silly packumentCache full:https://registry.npmjs.org/react-dom cache-miss
29 http fetch GET 200 https://registry.npmjs.org/react-dom 1428ms (cache miss)
30 silly packumentCache full:https://registry.npmjs.org/react-dom set size:undefined disposed:false
31 silly fetch manifest lucide-react@^0.468.0
32 silly packumentCache full:https://registry.npmjs.org/lucide-react cache-miss
33 http fetch GET 200 https://registry.npmjs.org/lucide-react 425ms (cache miss)
34 silly packumentCache full:https://registry.npmjs.org/lucide-react set size:undefined disposed:false
35 silly fetch manifest @vitejs/plugin-react@^4.3.4
36 silly packumentCache full:https://registry.npmjs.org/@vitejs%2fplugin-react cache-miss
37 http fetch GET 200 https://registry.npmjs.org/@vitejs%2fplugin-react 256ms (cache miss)
38 silly packumentCache full:https://registry.npmjs.org/@vitejs%2fplugin-react set size:undefined disposed:false
39 silly fetch manifest vite@^5.4.11
40 silly packumentCache full:https://registry.npmjs.org/vite cache-miss
41 http fetch GET 200 https://registry.npmjs.org/vite 1981ms (cache miss)
42 silly packumentCache full:https://registry.npmjs.org/vite set size:undefined disposed:false
43 silly fetch manifest @types/node@^18.0.0 || >=20.0.0
44 silly packumentCache full:https://registry.npmjs.org/@types%2fnode cache-miss
45 http fetch GET 200 https://registry.npmjs.org/@types%2fnode 1520ms (cache miss)
46 silly packumentCache full:https://registry.npmjs.org/@types%2fnode set size:undefined disposed:false
47 silly fetch manifest less@*
48 silly packumentCache full:https://registry.npmjs.org/less cache-miss
49 http fetch GET 200 https://registry.npmjs.org/less 453ms (cache miss)
50 silly packumentCache full:https://registry.npmjs.org/less set size:undefined disposed:false
51 silly fetch manifest lightningcss@^1.21.0
52 silly packumentCache full:https://registry.npmjs.org/lightningcss cache-miss
53 http fetch GET 200 https://registry.npmjs.org/lightningcss 163ms (cache miss)
54 silly packumentCache full:https://registry.npmjs.org/lightningcss set size:undefined disposed:false
55 silly fetch manifest sass@*
56 silly packumentCache full:https://registry.npmjs.org/sass cache-miss
57 http fetch GET 200 https://registry.npmjs.org/sass 246ms (cache miss)
58 silly packumentCache full:https://registry.npmjs.org/sass set size:undefined disposed:false
59 silly fetch manifest sass-embedded@*
60 silly packumentCache full:https://registry.npmjs.org/sass-embedded cache-miss
61 http fetch GET 200 https://registry.npmjs.org/sass-embedded 183ms (cache miss)
62 silly packumentCache full:https://registry.npmjs.org/sass-embedded set size:undefined disposed:false
63 silly fetch manifest stylus@*
64 silly packumentCache full:https://registry.npmjs.org/stylus cache-miss
65 http fetch GET 200 https://registry.npmjs.org/stylus 165ms (cache miss)
66 silly packumentCache full:https://registry.npmjs.org/stylus set size:undefined disposed:false
67 silly fetch manifest sugarss@*
68 silly packumentCache full:https://registry.npmjs.org/sugarss cache-miss
69 http fetch GET 200 https://registry.npmjs.org/sugarss 157ms (cache miss)
70 silly packumentCache full:https://registry.npmjs.org/sugarss set size:undefined disposed:false
71 silly fetch manifest postcss@^8.4.49
72 silly packumentCache full:https://registry.npmjs.org/postcss cache-miss
73 http fetch GET 200 https://registry.npmjs.org/postcss 200ms (cache miss)
74 silly packumentCache full:https://registry.npmjs.org/postcss set size:undefined disposed:false
75 silly fetch manifest terser@^5.4.0
76 silly packumentCache full:https://registry.npmjs.org/terser cache-miss
77 http fetch GET 200 https://registry.npmjs.org/terser 337ms (cache miss)
78 silly packumentCache full:https://registry.npmjs.org/terser set size:undefined disposed:false
79 silly fetch manifest autoprefixer@^10.4.20
80 silly packumentCache full:https://registry.npmjs.org/autoprefixer cache-miss
81 http fetch GET 200 https://registry.npmjs.org/autoprefixer 220ms (cache miss)
82 silly packumentCache full:https://registry.npmjs.org/autoprefixer set size:undefined disposed:false
83 silly fetch manifest tailwindcss@^3.4.17
84 silly packumentCache full:https://registry.npmjs.org/tailwindcss cache-miss
85 http fetch GET 200 https://registry.npmjs.org/tailwindcss 2140ms (cache miss)
86 silly packumentCache full:https://registry.npmjs.org/tailwindcss set size:undefined disposed:false
87 silly placeDep ROOT @vitejs/plugin-react@4.7.0 OK for: auralux-landing@0.0.0 want: ^4.3.4
88 silly placeDep ROOT vite@5.4.21 OK for: @vitejs/plugin-react@4.7.0 want: ^4.2.0 || ^5.0.0 || ^6.0.0 || ^7.0.0
89 silly placeDep ROOT autoprefixer@10.5.0 OK for: auralux-landing@0.0.0 want: ^10.4.20
90 silly placeDep ROOT postcss@8.5.13 OK for: autoprefixer@10.5.0 want: ^8.1.0
91 silly placeDep ROOT framer-motion@11.18.2 OK for: auralux-landing@0.0.0 want: ^11.18.2
92 silly placeDep ROOT lucide-react@0.468.0 OK for: auralux-landing@0.0.0 want: ^0.468.0
93 silly placeDep ROOT react@18.3.1 OK for: lucide-react@0.468.0 want: ^16.5.1 || ^17.0.0 || ^18.0.0 || ^19.0.0-rc
94 silly placeDep ROOT react-dom@18.3.1 OK for: auralux-landing@0.0.0 want: ^18.3.1
95 silly placeDep ROOT tailwindcss@3.4.19 OK for: auralux-landing@0.0.0 want: ^3.4.17
96 silly fetch manifest @babel/core@^7.28.0
97 silly packumentCache full:https://registry.npmjs.org/@babel%2fcore cache-miss
98 http fetch GET 200 https://registry.npmjs.org/@babel%2fcore 520ms (cache miss)
99 silly packumentCache full:https://registry.npmjs.org/@babel%2fcore set size:undefined disposed:false
100 silly fetch manifest react-refresh@^0.17.0
101 silly packumentCache full:https://registry.npmjs.org/react-refresh cache-miss
102 http fetch GET 200 https://registry.npmjs.org/react-refresh 858ms (cache miss)
103 silly packumentCache full:https://registry.npmjs.org/react-refresh set size:undefined disposed:false
104 silly fetch manifest @types/babel__core@^7.20.5
105 silly packumentCache full:https://registry.npmjs.org/@types%2fbabel__core cache-miss
106 http fetch GET 200 https://registry.npmjs.org/@types%2fbabel__core 252ms (cache miss)
107 silly packumentCache full:https://registry.npmjs.org/@types%2fbabel__core set size:undefined disposed:false
108 silly fetch manifest @rolldown/pluginutils@1.0.0-beta.27
109 silly packumentCache full:https://registry.npmjs.org/@rolldown%2fpluginutils cache-miss
110 http fetch GET 200 https://registry.npmjs.org/@rolldown%2fpluginutils 193ms (cache miss)
111 silly packumentCache full:https://registry.npmjs.org/@rolldown%2fpluginutils set size:undefined disposed:false
112 silly fetch manifest @babel/plugin-transform-react-jsx-self@^7.27.1
113 silly packumentCache full:https://registry.npmjs.org/@babel%2fplugin-transform-react-jsx-self cache-miss
114 http fetch GET 200 https://registry.npmjs.org/@babel%2fplugin-transform-react-jsx-self 178ms (cache miss)
115 silly packumentCache full:https://registry.npmjs.org/@babel%2fplugin-transform-react-jsx-self set size:undefined disposed:false
116 silly fetch manifest @babel/plugin-transform-react-jsx-source@^7.27.1
117 silly packumentCache full:https://registry.npmjs.org/@babel%2fplugin-transform-react-jsx-source cache-miss
118 http fetch GET 200 https://registry.npmjs.org/@babel%2fplugin-transform-react-jsx-source 193ms (cache miss)
119 silly packumentCache full:https://registry.npmjs.org/@babel%2fplugin-transform-react-jsx-source set size:undefined disposed:false
120 silly fetch manifest rollup@^4.20.0
121 silly packumentCache full:https://registry.npmjs.org/rollup cache-miss
122 http fetch GET 200 https://registry.npmjs.org/rollup 838ms (cache miss)
123 silly packumentCache full:https://registry.npmjs.org/rollup set size:undefined disposed:false
124 silly fetch manifest esbuild@^0.21.3
125 silly packumentCache full:https://registry.npmjs.org/esbuild cache-miss
126 http fetch GET 200 https://registry.npmjs.org/esbuild 346ms (cache miss)
127 silly packumentCache full:https://registry.npmjs.org/esbuild set size:undefined disposed:false
128 silly fetch manifest postcss@^8.4.43
129 silly packumentCache full:https://registry.npmjs.org/postcss cache-miss
130 http cache https://registry.npmjs.org/postcss 73ms (cache hit)
131 silly packumentCache full:https://registry.npmjs.org/postcss set size:717287 disposed:false
132 silly fetch manifest fsevents@~2.3.3
133 silly packumentCache full:https://registry.npmjs.org/fsevents cache-miss
134 http fetch GET 200 https://registry.npmjs.org/fsevents 176ms (cache miss)
135 silly packumentCache full:https://registry.npmjs.org/fsevents set size:undefined disposed:false
136 silly fetch manifest browserslist@^4.28.2
137 silly packumentCache full:https://registry.npmjs.org/browserslist cache-miss
138 http fetch GET 200 https://registry.npmjs.org/browserslist 314ms (cache miss)
139 silly packumentCache full:https://registry.npmjs.org/browserslist set size:undefined disposed:false
140 silly fetch manifest caniuse-lite@^1.0.30001787
141 silly packumentCache full:https://registry.npmjs.org/caniuse-lite cache-miss
142 http fetch GET 200 https://registry.npmjs.org/caniuse-lite 342ms (cache miss)
143 silly packumentCache full:https://registry.npmjs.org/caniuse-lite set size:undefined disposed:false
144 silly fetch manifest fraction.js@^5.3.4
145 silly packumentCache full:https://registry.npmjs.org/fraction.js cache-miss
146 http fetch GET 200 https://registry.npmjs.org/fraction.js 327ms (cache miss)
147 silly packumentCache full:https://registry.npmjs.org/fraction.js set size:undefined disposed:false
148 silly fetch manifest picocolors@^1.1.1
149 silly packumentCache full:https://registry.npmjs.org/picocolors cache-miss
150 http fetch GET 200 https://registry.npmjs.org/picocolors 184ms (cache miss)
151 silly packumentCache full:https://registry.npmjs.org/picocolors set size:undefined disposed:false
152 silly fetch manifest postcss-value-parser@^4.2.0
153 silly packumentCache full:https://registry.npmjs.org/postcss-value-parser cache-miss
154 http fetch GET 200 https://registry.npmjs.org/postcss-value-parser 164ms (cache miss)
155 silly packumentCache full:https://registry.npmjs.org/postcss-value-parser set size:undefined disposed:false
156 silly fetch manifest nanoid@^3.3.11
157 silly packumentCache full:https://registry.npmjs.org/nanoid cache-miss
158 http fetch GET 200 https://registry.npmjs.org/nanoid 178ms (cache miss)
159 silly packumentCache full:https://registry.npmjs.org/nanoid set size:undefined disposed:false
160 silly fetch manifest source-map-js@^1.2.1
161 silly packumentCache full:https://registry.npmjs.org/source-map-js cache-miss
162 http fetch GET 200 https://registry.npmjs.org/source-map-js 164ms (cache miss)
163 silly packumentCache full:https://registry.npmjs.org/source-map-js set size:undefined disposed:false
164 silly fetch manifest tslib@^2.4.0
165 silly packumentCache full:https://registry.npmjs.org/tslib cache-miss
166 http fetch GET 200 https://registry.npmjs.org/tslib 253ms (cache miss)
167 silly packumentCache full:https://registry.npmjs.org/tslib set size:undefined disposed:false
168 silly fetch manifest motion-dom@^11.18.1
169 silly packumentCache full:https://registry.npmjs.org/motion-dom cache-miss
170 http fetch GET 200 https://registry.npmjs.org/motion-dom 179ms (cache miss)
171 silly packumentCache full:https://registry.npmjs.org/motion-dom set size:undefined disposed:false
172 silly fetch manifest motion-utils@^11.18.1
173 silly packumentCache full:https://registry.npmjs.org/motion-utils cache-miss
174 http fetch GET 200 https://registry.npmjs.org/motion-utils 164ms (cache miss)
175 silly packumentCache full:https://registry.npmjs.org/motion-utils set size:undefined disposed:false
176 silly fetch manifest loose-envify@^1.1.0
177 silly packumentCache full:https://registry.npmjs.org/loose-envify cache-miss
178 http fetch GET 200 https://registry.npmjs.org/loose-envify 157ms (cache miss)
179 silly packumentCache full:https://registry.npmjs.org/loose-envify set size:undefined disposed:false
180 silly fetch manifest scheduler@^0.23.2
181 silly packumentCache full:https://registry.npmjs.org/scheduler cache-miss
182 http fetch GET 200 https://registry.npmjs.org/scheduler 900ms (cache miss)
183 silly packumentCache full:https://registry.npmjs.org/scheduler set size:undefined disposed:false
184 silly fetch manifest arg@^5.0.2
185 silly packumentCache full:https://registry.npmjs.org/arg cache-miss
186 http fetch GET 200 https://registry.npmjs.org/arg 530ms (cache miss)
187 silly packumentCache full:https://registry.npmjs.org/arg set size:undefined disposed:false
188 silly fetch manifest dlv@^1.1.3
189 silly packumentCache full:https://registry.npmjs.org/dlv cache-miss
190 http fetch GET 200 https://registry.npmjs.org/dlv 218ms (cache miss)
191 silly packumentCache full:https://registry.npmjs.org/dlv set size:undefined disposed:false
192 silly fetch manifest jiti@^1.21.7
193 silly packumentCache full:https://registry.npmjs.org/jiti cache-miss
194 http fetch GET 200 https://registry.npmjs.org/jiti 182ms (cache miss)
195 silly packumentCache full:https://registry.npmjs.org/jiti set size:undefined disposed:false
196 silly fetch manifest is-glob@^4.0.3
197 silly packumentCache full:https://registry.npmjs.org/is-glob cache-miss
198 http fetch GET 200 https://registry.npmjs.org/is-glob 145ms (cache miss)
199 silly packumentCache full:https://registry.npmjs.org/is-glob set size:undefined disposed:false
200 silly fetch manifest resolve@^1.22.8
201 silly packumentCache full:https://registry.npmjs.org/resolve cache-miss
202 http fetch GET 200 https://registry.npmjs.org/resolve 165ms (cache miss)
203 silly packumentCache full:https://registry.npmjs.org/resolve set size:undefined disposed:false
204 silly fetch manifest sucrase@^3.35.0
205 silly packumentCache full:https://registry.npmjs.org/sucrase cache-miss
206 http fetch GET 200 https://registry.npmjs.org/sucrase 170ms (cache miss)
207 silly packumentCache full:https://registry.npmjs.org/sucrase set size:undefined disposed:false
208 silly fetch manifest chokidar@^3.6.0
209 silly packumentCache full:https://registry.npmjs.org/chokidar cache-miss
210 http fetch GET 200 https://registry.npmjs.org/chokidar 171ms (cache miss)
211 silly packumentCache full:https://registry.npmjs.org/chokidar set size:undefined disposed:false
212 silly fetch manifest fast-glob@^3.3.2
213 silly packumentCache full:https://registry.npmjs.org/fast-glob cache-miss
214 http fetch GET 200 https://registry.npmjs.org/fast-glob 171ms (cache miss)
215 silly packumentCache full:https://registry.npmjs.org/fast-glob set size:undefined disposed:false
216 silly fetch manifest lilconfig@^3.1.3
217 silly packumentCache full:https://registry.npmjs.org/lilconfig cache-miss
218 http fetch GET 200 https://registry.npmjs.org/lilconfig 253ms (cache miss)
219 silly packumentCache full:https://registry.npmjs.org/lilconfig set size:undefined disposed:false
220 silly fetch manifest didyoumean@^1.2.2
221 silly packumentCache full:https://registry.npmjs.org/didyoumean cache-miss
222 http fetch GET 200 https://registry.npmjs.org/didyoumean 262ms (cache miss)
223 silly packumentCache full:https://registry.npmjs.org/didyoumean set size:undefined disposed:false
224 silly fetch manifest micromatch@^4.0.8
225 silly packumentCache full:https://registry.npmjs.org/micromatch cache-miss
226 http fetch GET 200 https://registry.npmjs.org/micromatch 167ms (cache miss)
227 silly packumentCache full:https://registry.npmjs.org/micromatch set size:undefined disposed:false
228 silly fetch manifest postcss-js@^4.0.1
229 silly packumentCache full:https://registry.npmjs.org/postcss-js cache-miss
230 http fetch GET 200 https://registry.npmjs.org/postcss-js 163ms (cache miss)
231 silly packumentCache full:https://registry.npmjs.org/postcss-js set size:undefined disposed:false
232 silly fetch manifest glob-parent@^6.0.2
233 silly packumentCache full:https://registry.npmjs.org/glob-parent cache-miss
234 http fetch GET 200 https://registry.npmjs.org/glob-parent 251ms (cache miss)
235 silly packumentCache full:https://registry.npmjs.org/glob-parent set size:undefined disposed:false
236 silly fetch manifest object-hash@^3.0.0
237 silly packumentCache full:https://registry.npmjs.org/object-hash cache-miss
238 http fetch GET 200 https://registry.npmjs.org/object-hash 164ms (cache miss)
239 silly packumentCache full:https://registry.npmjs.org/object-hash set size:undefined disposed:false
240 silly fetch manifest normalize-path@^3.0.0
241 silly packumentCache full:https://registry.npmjs.org/normalize-path cache-miss
242 http fetch GET 200 https://registry.npmjs.org/normalize-path 157ms (cache miss)
243 silly packumentCache full:https://registry.npmjs.org/normalize-path set size:undefined disposed:false
244 silly fetch manifest postcss-import@^15.1.0
245 silly packumentCache full:https://registry.npmjs.org/postcss-import cache-miss
246 http fetch GET 200 https://registry.npmjs.org/postcss-import 167ms (cache miss)
247 silly packumentCache full:https://registry.npmjs.org/postcss-import set size:undefined disposed:false
248 silly fetch manifest postcss-nested@^6.2.0
249 silly packumentCache full:https://registry.npmjs.org/postcss-nested cache-miss
250 http fetch GET 200 https://registry.npmjs.org/postcss-nested 168ms (cache miss)
251 silly packumentCache full:https://registry.npmjs.org/postcss-nested set size:undefined disposed:false
252 silly fetch manifest @alloc/quick-lru@^5.2.0
253 silly packumentCache full:https://registry.npmjs.org/@alloc%2fquick-lru cache-miss
254 http fetch GET 200 https://registry.npmjs.org/@alloc%2fquick-lru 657ms (cache miss)
255 silly packumentCache full:https://registry.npmjs.org/@alloc%2fquick-lru set size:undefined disposed:false
256 silly fetch manifest postcss-load-config@^4.0.2 || ^5.0 || ^6.0
257 silly packumentCache full:https://registry.npmjs.org/postcss-load-config cache-miss
258 http fetch GET 200 https://registry.npmjs.org/postcss-load-config 164ms (cache miss)
259 silly packumentCache full:https://registry.npmjs.org/postcss-load-config set size:undefined disposed:false
260 silly fetch manifest postcss-selector-parser@^6.1.2
261 silly packumentCache full:https://registry.npmjs.org/postcss-selector-parser cache-miss
262 http fetch GET 200 https://registry.npmjs.org/postcss-selector-parser 202ms (cache miss)
263 silly packumentCache full:https://registry.npmjs.org/postcss-selector-parser set size:undefined disposed:false
264 silly placeDep ROOT @babel/core@7.29.0 OK for: @vitejs/plugin-react@4.7.0 want: ^7.28.0
265 silly placeDep ROOT @babel/plugin-transform-react-jsx-self@7.27.1 OK for: @vitejs/plugin-react@4.7.0 want: ^7.27.1
266 silly placeDep ROOT @babel/plugin-transform-react-jsx-source@7.27.1 OK for: @vitejs/plugin-react@4.7.0 want: ^7.27.1
267 silly placeDep ROOT @rolldown/pluginutils@1.0.0-beta.27 OK for: @vitejs/plugin-react@4.7.0 want: 1.0.0-beta.27
268 silly placeDep ROOT @types/babel__core@7.20.5 OK for: @vitejs/plugin-react@4.7.0 want: ^7.20.5
269 silly placeDep ROOT react-refresh@0.17.0 OK for: @vitejs/plugin-react@4.7.0 want: ^0.17.0
270 silly fetch manifest debug@^4.1.0
271 silly packumentCache full:https://registry.npmjs.org/debug cache-miss
272 http fetch GET 200 https://registry.npmjs.org/debug 206ms (cache miss)
273 silly packumentCache full:https://registry.npmjs.org/debug set size:undefined disposed:false
274 silly fetch manifest json5@^2.2.3
275 silly packumentCache full:https://registry.npmjs.org/json5 cache-miss
276 http fetch GET 200 https://registry.npmjs.org/json5 168ms (cache miss)
277 silly packumentCache full:https://registry.npmjs.org/json5 set size:undefined disposed:false
278 silly fetch manifest semver@^6.3.1
279 silly packumentCache full:https://registry.npmjs.org/semver cache-miss
280 http fetch GET 200 https://registry.npmjs.org/semver 181ms (cache miss)
281 silly packumentCache full:https://registry.npmjs.org/semver set size:undefined disposed:false
282 silly fetch manifest gensync@^1.0.0-beta.2
283 silly packumentCache full:https://registry.npmjs.org/gensync cache-miss
284 http fetch GET 200 https://registry.npmjs.org/gensync 205ms (cache miss)
285 silly packumentCache full:https://registry.npmjs.org/gensync set size:undefined disposed:false
286 silly fetch manifest @babel/types@^7.29.0
287 silly packumentCache full:https://registry.npmjs.org/@babel%2ftypes cache-miss
288 http fetch GET 200 https://registry.npmjs.org/@babel%2ftypes 195ms (cache miss)
289 silly packumentCache full:https://registry.npmjs.org/@babel%2ftypes set size:undefined disposed:false
290 silly fetch manifest @babel/parser@^7.29.0
291 silly packumentCache full:https://registry.npmjs.org/@babel%2fparser cache-miss
292 http fetch GET 200 https://registry.npmjs.org/@babel%2fparser 230ms (cache miss)
293 silly packumentCache full:https://registry.npmjs.org/@babel%2fparser set size:undefined disposed:false
294 silly fetch manifest @babel/helpers@^7.28.6
295 silly packumentCache full:https://registry.npmjs.org/@babel%2fhelpers cache-miss
296 http fetch GET 200 https://registry.npmjs.org/@babel%2fhelpers 187ms (cache miss)
297 silly packumentCache full:https://registry.npmjs.org/@babel%2fhelpers set size:undefined disposed:false
298 silly fetch manifest @babel/template@^7.28.6
299 silly packumentCache full:https://registry.npmjs.org/@babel%2ftemplate cache-miss
300 http fetch GET 200 https://registry.npmjs.org/@babel%2ftemplate 220ms (cache miss)
301 silly packumentCache full:https://registry.npmjs.org/@babel%2ftemplate set size:undefined disposed:false
302 silly fetch manifest @babel/traverse@^7.29.0
303 silly packumentCache full:https://registry.npmjs.org/@babel%2ftraverse cache-miss
304 http fetch GET 200 https://registry.npmjs.org/@babel%2ftraverse 207ms (cache miss)
305 silly packumentCache full:https://registry.npmjs.org/@babel%2ftraverse set size:undefined disposed:false
306 silly fetch manifest @babel/generator@^7.29.0
307 silly packumentCache full:https://registry.npmjs.org/@babel%2fgenerator cache-miss
308 http fetch GET 200 https://registry.npmjs.org/@babel%2fgenerator 317ms (cache miss)
309 silly packumentCache full:https://registry.npmjs.org/@babel%2fgenerator set size:undefined disposed:false
310 silly fetch manifest @babel/code-frame@^7.29.0
311 silly packumentCache full:https://registry.npmjs.org/@babel%2fcode-frame cache-miss
312 http fetch GET 200 https://registry.npmjs.org/@babel%2fcode-frame 198ms (cache miss)
313 silly packumentCache full:https://registry.npmjs.org/@babel%2fcode-frame set size:undefined disposed:false
314 silly fetch manifest convert-source-map@^2.0.0
315 silly packumentCache full:https://registry.npmjs.org/convert-source-map cache-miss
316 http fetch GET 200 https://registry.npmjs.org/convert-source-map 258ms (cache miss)
317 silly packumentCache full:https://registry.npmjs.org/convert-source-map set size:undefined disposed:false
318 silly fetch manifest @jridgewell/remapping@^2.3.5
319 silly packumentCache full:https://registry.npmjs.org/@jridgewell%2fremapping cache-miss
320 http fetch GET 200 https://registry.npmjs.org/@jridgewell%2fremapping 468ms (cache miss)
321 silly packumentCache full:https://registry.npmjs.org/@jridgewell%2fremapping set size:undefined disposed:false
322 silly fetch manifest @babel/helper-module-transforms@^7.28.6
323 silly packumentCache full:https://registry.npmjs.org/@babel%2fhelper-module-transforms cache-miss
324 http fetch GET 200 https://registry.npmjs.org/@babel%2fhelper-module-transforms 222ms (cache miss)
325 silly packumentCache full:https://registry.npmjs.org/@babel%2fhelper-module-transforms set size:undefined disposed:false
326 silly fetch manifest @babel/helper-compilation-targets@^7.28.6
327 silly packumentCache full:https://registry.npmjs.org/@babel%2fhelper-compilation-targets cache-miss
328 http fetch GET 200 https://registry.npmjs.org/@babel%2fhelper-compilation-targets 189ms (cache miss)
329 silly packumentCache full:https://registry.npmjs.org/@babel%2fhelper-compilation-targets set size:undefined disposed:false
330 silly fetch manifest @babel/helper-plugin-utils@^7.27.1
331 silly packumentCache full:https://registry.npmjs.org/@babel%2fhelper-plugin-utils cache-miss
332 http fetch GET 200 https://registry.npmjs.org/@babel%2fhelper-plugin-utils 241ms (cache miss)
333 silly packumentCache full:https://registry.npmjs.org/@babel%2fhelper-plugin-utils set size:undefined disposed:false
334 silly fetch manifest @babel/types@^7.20.7
335 silly packumentCache full:https://registry.npmjs.org/@babel%2ftypes cache-miss
336 http cache https://registry.npmjs.org/@babel%2ftypes 27ms (cache hit)
337 silly packumentCache full:https://registry.npmjs.org/@babel%2ftypes set size:489931 disposed:false
338 silly fetch manifest @babel/parser@^7.20.7
339 silly packumentCache full:https://registry.npmjs.org/@babel%2fparser cache-miss
340 http cache https://registry.npmjs.org/@babel%2fparser 183ms (cache hit)
341 silly packumentCache full:https://registry.npmjs.org/@babel%2fparser set size:723297 disposed:false
342 silly fetch manifest @types/babel__template@*
343 silly packumentCache full:https://registry.npmjs.org/@types%2fbabel__template cache-miss
344 http fetch GET 200 https://registry.npmjs.org/@types%2fbabel__template 187ms (cache miss)
345 silly packumentCache full:https://registry.npmjs.org/@types%2fbabel__template set size:undefined disposed:false
346 silly fetch manifest @types/babel__traverse@*
347 silly packumentCache full:https://registry.npmjs.org/@types%2fbabel__traverse cache-miss
348 http fetch GET 200 https://registry.npmjs.org/@types%2fbabel__traverse 186ms (cache miss)
349 silly packumentCache full:https://registry.npmjs.org/@types%2fbabel__traverse set size:undefined disposed:false
350 silly fetch manifest @types/babel__generator@*
351 silly packumentCache full:https://registry.npmjs.org/@types%2fbabel__generator cache-miss
352 http fetch GET 200 https://registry.npmjs.org/@types%2fbabel__generator 223ms (cache miss)
353 silly packumentCache full:https://registry.npmjs.org/@types%2fbabel__generator set size:undefined disposed:false
354 silly fetch manifest @babel/core@^7.0.0
355 silly packumentCache full:https://registry.npmjs.org/@babel%2fcore cache-miss
356 http cache https://registry.npmjs.org/@babel%2fcore 35ms (cache hit)
357 silly packumentCache full:https://registry.npmjs.org/@babel%2fcore set size:764052 disposed:false
358 silly placeDep ROOT @babel/code-frame@7.29.0 OK for: @babel/core@7.29.0 want: ^7.29.0
359 silly placeDep ROOT @babel/generator@7.29.1 OK for: @babel/core@7.29.0 want: ^7.29.0
360 silly placeDep ROOT @babel/helper-compilation-targets@7.28.6 OK for: @babel/core@7.29.0 want: ^7.28.6
361 silly placeDep ROOT @babel/helper-module-transforms@7.28.6 OK for: @babel/core@7.29.0 want: ^7.28.6
362 silly placeDep ROOT @babel/helpers@7.29.2 OK for: @babel/core@7.29.0 want: ^7.28.6
363 silly placeDep ROOT @babel/parser@7.29.3 OK for: @babel/core@7.29.0 want: ^7.29.0
364 silly placeDep ROOT @babel/template@7.28.6 OK for: @babel/core@7.29.0 want: ^7.28.6
365 silly placeDep ROOT @babel/traverse@7.29.0 OK for: @babel/core@7.29.0 want: ^7.29.0
366 silly placeDep ROOT @babel/types@7.29.0 OK for: @babel/core@7.29.0 want: ^7.29.0
367 silly placeDep ROOT @jridgewell/remapping@2.3.5 OK for: @babel/core@7.29.0 want: ^2.3.5
368 silly placeDep ROOT convert-source-map@2.0.0 OK for: @babel/core@7.29.0 want: ^2.0.0
369 silly placeDep ROOT debug@4.4.3 OK for: @babel/core@7.29.0 want: ^4.1.0
370 silly placeDep ROOT gensync@1.0.0-beta.2 OK for: @babel/core@7.29.0 want: ^1.0.0-beta.2
371 silly placeDep ROOT json5@2.2.3 OK for: @babel/core@7.29.0 want: ^2.2.3
372 silly placeDep ROOT semver@6.3.1 OK for: @babel/core@7.29.0 want: ^6.3.1
373 silly fetch manifest js-tokens@^4.0.0
374 silly packumentCache full:https://registry.npmjs.org/js-tokens cache-miss
375 http fetch GET 200 https://registry.npmjs.org/js-tokens 247ms (cache miss)
376 silly packumentCache full:https://registry.npmjs.org/js-tokens set size:undefined disposed:false
377 silly fetch manifest @babel/helper-validator-identifier@^7.28.5
378 silly packumentCache full:https://registry.npmjs.org/@babel%2fhelper-validator-identifier cache-miss
379 http fetch GET 200 https://registry.npmjs.org/@babel%2fhelper-validator-identifier 174ms (cache miss)
380 silly packumentCache full:https://registry.npmjs.org/@babel%2fhelper-validator-identifier set size:undefined disposed:false
381 silly fetch manifest jsesc@^3.0.2
382 silly packumentCache full:https://registry.npmjs.org/jsesc cache-miss
383 http fetch GET 200 https://registry.npmjs.org/jsesc 160ms (cache miss)
384 silly packumentCache full:https://registry.npmjs.org/jsesc set size:undefined disposed:false
385 silly fetch manifest @jridgewell/gen-mapping@^0.3.12
386 silly packumentCache full:https://registry.npmjs.org/@jridgewell%2fgen-mapping cache-miss
387 http fetch GET 200 https://registry.npmjs.org/@jridgewell%2fgen-mapping 659ms (cache miss)
388 silly packumentCache full:https://registry.npmjs.org/@jridgewell%2fgen-mapping set size:undefined disposed:false
389 silly fetch manifest @jridgewell/trace-mapping@^0.3.28
390 silly packumentCache full:https://registry.npmjs.org/@jridgewell%2ftrace-mapping cache-miss
391 http fetch GET 200 https://registry.npmjs.org/@jridgewell%2ftrace-mapping 284ms (cache miss)
392 silly packumentCache full:https://registry.npmjs.org/@jridgewell%2ftrace-mapping set size:undefined disposed:false
393 silly fetch manifest lru-cache@^5.1.1
394 silly packumentCache full:https://registry.npmjs.org/lru-cache cache-miss
395 http fetch GET 200 https://registry.npmjs.org/lru-cache 194ms (cache miss)
396 silly packumentCache full:https://registry.npmjs.org/lru-cache set size:undefined disposed:false
397 silly fetch manifest browserslist@^4.24.0
398 silly packumentCache full:https://registry.npmjs.org/browserslist cache-miss
399 http cache https://registry.npmjs.org/browserslist 725ms (cache hit)
400 silly packumentCache full:https://registry.npmjs.org/browserslist set size:504681 disposed:false
401 silly fetch manifest @babel/compat-data@^7.28.6
402 silly packumentCache full:https://registry.npmjs.org/@babel%2fcompat-data cache-miss
403 http fetch GET 200 https://registry.npmjs.org/@babel%2fcompat-data 207ms (cache miss)
404 silly packumentCache full:https://registry.npmjs.org/@babel%2fcompat-data set size:undefined disposed:false
405 silly fetch manifest @babel/helper-validator-option@^7.27.1
406 silly packumentCache full:https://registry.npmjs.org/@babel%2fhelper-validator-option cache-miss
407 http fetch GET 200 https://registry.npmjs.org/@babel%2fhelper-validator-option 196ms (cache miss)
408 silly packumentCache full:https://registry.npmjs.org/@babel%2fhelper-validator-option set size:undefined disposed:false
409 silly fetch manifest @babel/traverse@^7.28.6
410 silly packumentCache full:https://registry.npmjs.org/@babel%2ftraverse cache-miss
411 http cache https://registry.npmjs.org/@babel%2ftraverse 259ms (cache hit)
412 silly packumentCache full:https://registry.npmjs.org/@babel%2ftraverse set size:550946 disposed:false
413 silly fetch manifest @babel/helper-module-imports@^7.28.6
414 silly packumentCache full:https://registry.npmjs.org/@babel%2fhelper-module-imports cache-miss
415 http fetch GET 200 https://registry.npmjs.org/@babel%2fhelper-module-imports 186ms (cache miss)
416 silly packumentCache full:https://registry.npmjs.org/@babel%2fhelper-module-imports set size:undefined disposed:false
417 silly fetch manifest @babel/types@^7.28.6
418 silly packumentCache full:https://registry.npmjs.org/@babel%2ftypes cache-hit
419 silly fetch manifest debug@^4.3.1
420 silly packumentCache full:https://registry.npmjs.org/debug cache-miss
421 http cache https://registry.npmjs.org/debug 14ms (cache hit)
422 silly packumentCache full:https://registry.npmjs.org/debug set size:195840 disposed:false
423 silly fetch manifest @babel/helper-globals@^7.28.0
424 silly packumentCache full:https://registry.npmjs.org/@babel%2fhelper-globals cache-miss
425 http fetch GET 200 https://registry.npmjs.org/@babel%2fhelper-globals 266ms (cache miss)
426 silly packumentCache full:https://registry.npmjs.org/@babel%2fhelper-globals set size:undefined disposed:false
427 silly fetch manifest @babel/helper-string-parser@^7.27.1
428 silly packumentCache full:https://registry.npmjs.org/@babel%2fhelper-string-parser cache-miss
429 http fetch GET 200 https://registry.npmjs.org/@babel%2fhelper-string-parser 170ms (cache miss)
430 silly packumentCache full:https://registry.npmjs.org/@babel%2fhelper-string-parser set size:undefined disposed:false
431 silly fetch manifest @jridgewell/gen-mapping@^0.3.5
432 silly packumentCache full:https://registry.npmjs.org/@jridgewell%2fgen-mapping cache-miss
433 http cache https://registry.npmjs.org/@jridgewell%2fgen-mapping 11ms (cache hit)
434 silly packumentCache full:https://registry.npmjs.org/@jridgewell%2fgen-mapping set size:80719 disposed:false
435 silly fetch manifest @jridgewell/trace-mapping@^0.3.24
436 silly packumentCache full:https://registry.npmjs.org/@jridgewell%2ftrace-mapping cache-miss
437 http cache https://registry.npmjs.org/@jridgewell%2ftrace-mapping 251ms (cache hit)
438 silly packumentCache full:https://registry.npmjs.org/@jridgewell%2ftrace-mapping set size:170909 disposed:false
439 silly fetch manifest ms@^2.1.3
440 silly packumentCache full:https://registry.npmjs.org/ms cache-miss
441 http fetch GET 200 https://registry.npmjs.org/ms 167ms (cache miss)
442 silly packumentCache full:https://registry.npmjs.org/ms set size:undefined disposed:false
443 silly placeDep ROOT @babel/helper-validator-identifier@7.28.5 OK for: @babel/code-frame@7.29.0 want: ^7.28.5
444 silly placeDep ROOT js-tokens@4.0.0 OK for: @babel/code-frame@7.29.0 want: ^4.0.0
445 silly placeDep ROOT picocolors@1.1.1 OK for: @babel/code-frame@7.29.0 want: ^1.1.1
446 silly placeDep ROOT @jridgewell/gen-mapping@0.3.13 OK for: @babel/generator@7.29.1 want: ^0.3.12
447 silly placeDep ROOT @jridgewell/trace-mapping@0.3.31 OK for: @babel/generator@7.29.1 want: ^0.3.28
448 silly placeDep ROOT jsesc@3.1.0 OK for: @babel/generator@7.29.1 want: ^3.0.2
449 silly fetch manifest @jridgewell/sourcemap-codec@^1.5.0
450 silly packumentCache full:https://registry.npmjs.org/@jridgewell%2fsourcemap-codec cache-miss
451 http fetch GET 200 https://registry.npmjs.org/@jridgewell%2fsourcemap-codec 173ms (cache miss)
452 silly packumentCache full:https://registry.npmjs.org/@jridgewell%2fsourcemap-codec set size:undefined disposed:false
453 silly fetch manifest @jridgewell/resolve-uri@^3.1.0
454 silly packumentCache full:https://registry.npmjs.org/@jridgewell%2fresolve-uri cache-miss
455 http fetch GET 200 https://registry.npmjs.org/@jridgewell%2fresolve-uri 184ms (cache miss)
456 silly packumentCache full:https://registry.npmjs.org/@jridgewell%2fresolve-uri set size:undefined disposed:false
457 silly fetch manifest @jridgewell/sourcemap-codec@^1.4.14
458 silly packumentCache full:https://registry.npmjs.org/@jridgewell%2fsourcemap-codec cache-miss
459 http cache https://registry.npmjs.org/@jridgewell%2fsourcemap-codec 13ms (cache hit)
460 silly packumentCache full:https://registry.npmjs.org/@jridgewell%2fsourcemap-codec set size:59275 disposed:false
461 silly placeDep ROOT @babel/compat-data@7.29.3 OK for: @babel/helper-compilation-targets@7.28.6 want: ^7.28.6
462 silly placeDep ROOT @babel/helper-validator-option@7.27.1 OK for: @babel/helper-compilation-targets@7.28.6 want: ^7.27.1
463 silly placeDep ROOT browserslist@4.28.2 OK for: @babel/helper-compilation-targets@7.28.6 want: ^4.24.0
464 silly placeDep ROOT lru-cache@5.1.1 OK for: @babel/helper-compilation-targets@7.28.6 want: ^5.1.1
465 silly fetch manifest baseline-browser-mapping@^2.10.12
466 silly packumentCache full:https://registry.npmjs.org/baseline-browser-mapping cache-miss
467 http fetch GET 200 https://registry.npmjs.org/baseline-browser-mapping 176ms (cache miss)
468 silly packumentCache full:https://registry.npmjs.org/baseline-browser-mapping set size:undefined disposed:false
469 silly fetch manifest caniuse-lite@^1.0.30001782
470 silly packumentCache full:https://registry.npmjs.org/caniuse-lite cache-miss
471 http cache https://registry.npmjs.org/caniuse-lite 26ms (cache hit)
472 silly packumentCache full:https://registry.npmjs.org/caniuse-lite set size:2289092 disposed:false
473 silly fetch manifest electron-to-chromium@^1.5.328
474 silly packumentCache full:https://registry.npmjs.org/electron-to-chromium cache-miss
475 http fetch GET 200 https://registry.npmjs.org/electron-to-chromium 515ms (cache miss)
476 silly packumentCache full:https://registry.npmjs.org/electron-to-chromium set size:undefined disposed:false
477 silly fetch manifest node-releases@^2.0.36
478 silly packumentCache full:https://registry.npmjs.org/node-releases cache-miss
479 http fetch GET 200 https://registry.npmjs.org/node-releases 181ms (cache miss)
480 silly packumentCache full:https://registry.npmjs.org/node-releases set size:undefined disposed:false
481 silly fetch manifest update-browserslist-db@^1.2.3
482 silly packumentCache full:https://registry.npmjs.org/update-browserslist-db cache-miss
483 http fetch GET 200 https://registry.npmjs.org/update-browserslist-db 312ms (cache miss)
484 silly packumentCache full:https://registry.npmjs.org/update-browserslist-db set size:undefined disposed:false
485 silly fetch manifest yallist@^3.0.2
486 silly packumentCache full:https://registry.npmjs.org/yallist cache-miss
487 http fetch GET 200 https://registry.npmjs.org/yallist 329ms (cache miss)
488 silly packumentCache full:https://registry.npmjs.org/yallist set size:undefined disposed:false
489 silly placeDep ROOT @babel/helper-module-imports@7.28.6 OK for: @babel/helper-module-transforms@7.28.6 want: ^7.28.6
490 silly placeDep ROOT @babel/helper-plugin-utils@7.28.6 OK for: @babel/plugin-transform-react-jsx-self@7.27.1 want: ^7.27.1
491 silly placeDep ROOT @babel/helper-globals@7.28.0 OK for: @babel/traverse@7.29.0 want: ^7.28.0
492 silly placeDep ROOT @babel/helper-string-parser@7.27.1 OK for: @babel/types@7.29.0 want: ^7.27.1
493 silly placeDep ROOT @jridgewell/sourcemap-codec@1.5.5 OK for: @jridgewell/gen-mapping@0.3.13 want: ^1.5.0
494 silly placeDep ROOT @jridgewell/resolve-uri@3.1.2 OK for: @jridgewell/trace-mapping@0.3.31 want: ^3.1.0
495 silly placeDep ROOT @types/babel__generator@7.27.0 OK for: @types/babel__core@7.20.5 want: *
496 silly placeDep ROOT @types/babel__template@7.4.4 OK for: @types/babel__core@7.20.5 want: *
497 silly placeDep ROOT @types/babel__traverse@7.28.0 OK for: @types/babel__core@7.20.5 want: *
498 silly placeDep ROOT caniuse-lite@1.0.30001791 OK for: autoprefixer@10.5.0 want: ^1.0.30001787
499 silly placeDep ROOT fraction.js@5.3.4 OK for: autoprefixer@10.5.0 want: ^5.3.4
500 silly placeDep ROOT postcss-value-parser@4.2.0 OK for: autoprefixer@10.5.0 want: ^4.2.0
501 silly fetch manifest browserslist@>= 4.21.0
502 silly packumentCache full:https://registry.npmjs.org/browserslist cache-hit
503 silly placeDep ROOT baseline-browser-mapping@2.10.27 OK for: browserslist@4.28.2 want: ^2.10.12
504 silly placeDep ROOT electron-to-chromium@1.5.349 OK for: browserslist@4.28.2 want: ^1.5.328
505 silly placeDep ROOT node-releases@2.0.38 OK for: browserslist@4.28.2 want: ^2.0.36
506 silly placeDep ROOT update-browserslist-db@1.2.3 OK for: browserslist@4.28.2 want: ^1.2.3
507 silly fetch manifest escalade@^3.2.0
508 silly packumentCache full:https://registry.npmjs.org/escalade cache-miss
509 http fetch GET 200 https://registry.npmjs.org/escalade 155ms (cache miss)
510 silly packumentCache full:https://registry.npmjs.org/escalade set size:undefined disposed:false
511 silly placeDep ROOT ms@2.1.3 OK for: debug@4.4.3 want: ^2.1.3
512 silly placeDep ROOT motion-dom@11.18.1 OK for: framer-motion@11.18.2 want: ^11.18.1
513 silly placeDep ROOT motion-utils@11.18.1 OK for: framer-motion@11.18.2 want: ^11.18.1
514 silly placeDep ROOT tslib@2.8.1 OK for: framer-motion@11.18.2 want: ^2.4.0
515 silly placeDep ROOT yallist@3.1.1 OK for: lru-cache@5.1.1 want: ^3.0.2
516 silly placeDep ROOT nanoid@3.3.12 OK for: postcss@8.5.13 want: ^3.3.11
517 silly placeDep ROOT source-map-js@1.2.1 OK for: postcss@8.5.13 want: ^1.2.1
518 silly placeDep ROOT loose-envify@1.4.0 OK for: react@18.3.1 want: ^1.1.0
519 silly placeDep ROOT scheduler@0.23.2 OK for: react-dom@18.3.1 want: ^0.23.2
520 silly fetch manifest postcss@^8.4.47
521 silly packumentCache full:https://registry.npmjs.org/postcss cache-hit
522 silly fetch manifest tsx@^4.8.1
523 silly packumentCache full:https://registry.npmjs.org/tsx cache-miss
524 http fetch GET 200 https://registry.npmjs.org/tsx 2058ms (cache miss)
525 silly packumentCache full:https://registry.npmjs.org/tsx set size:undefined disposed:false
526 silly fetch manifest yaml@^2.4.2
527 silly packumentCache full:https://registry.npmjs.org/yaml cache-miss
528 http fetch GET 200 https://registry.npmjs.org/yaml 495ms (cache miss)
529 silly packumentCache full:https://registry.npmjs.org/yaml set size:undefined disposed:false
530 silly placeDep ROOT @alloc/quick-lru@5.2.0 OK for: tailwindcss@3.4.19 want: ^5.2.0
531 silly placeDep ROOT arg@5.0.2 OK for: tailwindcss@3.4.19 want: ^5.0.2
532 silly placeDep ROOT chokidar@3.6.0 OK for: tailwindcss@3.4.19 want: ^3.6.0
533 silly placeDep ROOT didyoumean@1.2.2 OK for: tailwindcss@3.4.19 want: ^1.2.2
534 silly placeDep ROOT dlv@1.1.3 OK for: tailwindcss@3.4.19 want: ^1.1.3
535 silly placeDep ROOT fast-glob@3.3.3 OK for: tailwindcss@3.4.19 want: ^3.3.2
536 silly placeDep ROOT glob-parent@6.0.2 OK for: tailwindcss@3.4.19 want: ^6.0.2
537 silly placeDep ROOT is-glob@4.0.3 OK for: tailwindcss@3.4.19 want: ^4.0.3
538 silly placeDep ROOT jiti@1.21.7 OK for: tailwindcss@3.4.19 want: ^1.21.7
539 silly placeDep ROOT lilconfig@3.1.3 OK for: tailwindcss@3.4.19 want: ^3.1.3
540 silly placeDep ROOT micromatch@4.0.8 OK for: tailwindcss@3.4.19 want: ^4.0.8
541 silly placeDep ROOT normalize-path@3.0.0 OK for: tailwindcss@3.4.19 want: ^3.0.0
542 silly placeDep ROOT object-hash@3.0.0 OK for: tailwindcss@3.4.19 want: ^3.0.0
543 silly placeDep ROOT postcss-import@15.1.0 OK for: tailwindcss@3.4.19 want: ^15.1.0
544 silly placeDep ROOT postcss-js@4.1.0 OK for: tailwindcss@3.4.19 want: ^4.0.1
545 silly placeDep ROOT postcss-load-config@6.0.1 OK for: tailwindcss@3.4.19 want: ^4.0.2 || ^5.0 || ^6.0
546 silly placeDep ROOT postcss-nested@6.2.0 OK for: tailwindcss@3.4.19 want: ^6.2.0
547 silly placeDep ROOT postcss-selector-parser@6.1.2 OK for: tailwindcss@3.4.19 want: ^6.1.2
548 silly placeDep ROOT resolve@1.22.12 OK for: tailwindcss@3.4.19 want: ^1.22.8
549 silly placeDep ROOT sucrase@3.35.1 OK for: tailwindcss@3.4.19 want: ^3.35.0
550 silly fetch manifest braces@~3.0.2
551 silly packumentCache full:https://registry.npmjs.org/braces cache-miss
552 http fetch GET 200 https://registry.npmjs.org/braces 178ms (cache miss)
553 silly packumentCache full:https://registry.npmjs.org/braces set size:undefined disposed:false
554 silly fetch manifest is-glob@~4.0.1
555 silly packumentCache full:https://registry.npmjs.org/is-glob cache-miss
556 http cache https://registry.npmjs.org/is-glob 13ms (cache hit)
557 silly packumentCache full:https://registry.npmjs.org/is-glob set size:40530 disposed:false
558 silly fetch manifest anymatch@~3.1.2
559 silly packumentCache full:https://registry.npmjs.org/anymatch cache-miss
560 http fetch GET 200 https://registry.npmjs.org/anymatch 169ms (cache miss)
561 silly packumentCache full:https://registry.npmjs.org/anymatch set size:undefined disposed:false
562 silly fetch manifest readdirp@~3.6.0
563 silly packumentCache full:https://registry.npmjs.org/readdirp cache-miss
564 http fetch GET 200 https://registry.npmjs.org/readdirp 159ms (cache miss)
565 silly packumentCache full:https://registry.npmjs.org/readdirp set size:undefined disposed:false
566 silly fetch manifest glob-parent@~5.1.2
567 silly packumentCache full:https://registry.npmjs.org/glob-parent cache-miss
568 http cache https://registry.npmjs.org/glob-parent 11ms (cache hit)
569 silly packumentCache full:https://registry.npmjs.org/glob-parent set size:42445 disposed:false
570 silly fetch manifest is-binary-path@~2.1.0
571 silly packumentCache full:https://registry.npmjs.org/is-binary-path cache-miss
572 http fetch GET 200 https://registry.npmjs.org/is-binary-path 162ms (cache miss)
573 silly packumentCache full:https://registry.npmjs.org/is-binary-path set size:undefined disposed:false
574 silly fetch manifest normalize-path@~3.0.0
575 silly packumentCache full:https://registry.npmjs.org/normalize-path cache-miss
576 http cache https://registry.npmjs.org/normalize-path 10ms (cache hit)
577 silly packumentCache full:https://registry.npmjs.org/normalize-path set size:28713 disposed:false
578 silly fetch manifest fsevents@~2.3.2
579 silly packumentCache full:https://registry.npmjs.org/fsevents cache-miss
580 http cache https://registry.npmjs.org/fsevents 19ms (cache hit)
581 silly packumentCache full:https://registry.npmjs.org/fsevents set size:182472 disposed:false
582 silly fetch manifest @nodelib/fs.stat@^2.0.2
583 silly packumentCache full:https://registry.npmjs.org/@nodelib%2ffs.stat cache-miss
584 http fetch GET 200 https://registry.npmjs.org/@nodelib%2ffs.stat 191ms (cache miss)
585 silly packumentCache full:https://registry.npmjs.org/@nodelib%2ffs.stat set size:undefined disposed:false
586 silly fetch manifest @nodelib/fs.walk@^1.2.3
587 silly packumentCache full:https://registry.npmjs.org/@nodelib%2ffs.walk cache-miss
588 http fetch GET 200 https://registry.npmjs.org/@nodelib%2ffs.walk 242ms (cache miss)
589 silly packumentCache full:https://registry.npmjs.org/@nodelib%2ffs.walk set size:undefined disposed:false
590 silly fetch manifest glob-parent@^5.1.2
591 silly packumentCache full:https://registry.npmjs.org/glob-parent cache-hit
592 silly fetch manifest merge2@^1.3.0
593 silly packumentCache full:https://registry.npmjs.org/merge2 cache-miss
594 http fetch GET 200 https://registry.npmjs.org/merge2 206ms (cache miss)
595 silly packumentCache full:https://registry.npmjs.org/merge2 set size:undefined disposed:false
596 silly fetch manifest is-extglob@^2.1.1
597 silly packumentCache full:https://registry.npmjs.org/is-extglob cache-miss
598 http fetch GET 200 https://registry.npmjs.org/is-extglob 173ms (cache miss)
599 silly packumentCache full:https://registry.npmjs.org/is-extglob set size:undefined disposed:false
600 silly fetch manifest braces@^3.0.3
601 silly packumentCache full:https://registry.npmjs.org/braces cache-miss
602 http cache https://registry.npmjs.org/braces 27ms (cache hit)
603 silly packumentCache full:https://registry.npmjs.org/braces set size:114529 disposed:false
604 silly fetch manifest picomatch@^2.3.1
605 silly packumentCache full:https://registry.npmjs.org/picomatch cache-miss
606 http fetch GET 200 https://registry.npmjs.org/picomatch 168ms (cache miss)
607 silly packumentCache full:https://registry.npmjs.org/picomatch set size:undefined disposed:false
608 silly fetch manifest resolve@^1.1.7
609 silly packumentCache full:https://registry.npmjs.org/resolve cache-miss
610 http cache https://registry.npmjs.org/resolve 15ms (cache hit)
611 silly packumentCache full:https://registry.npmjs.org/resolve set size:252941 disposed:false
612 silly fetch manifest read-cache@^1.0.0
613 silly packumentCache full:https://registry.npmjs.org/read-cache cache-miss
614 http fetch GET 200 https://registry.npmjs.org/read-cache 153ms (cache miss)
615 silly packumentCache full:https://registry.npmjs.org/read-cache set size:undefined disposed:false
616 silly fetch manifest camelcase-css@^2.0.1
617 silly packumentCache full:https://registry.npmjs.org/camelcase-css cache-miss
618 http fetch GET 200 https://registry.npmjs.org/camelcase-css 3173ms (cache miss)
619 silly packumentCache full:https://registry.npmjs.org/camelcase-css set size:undefined disposed:false
620 silly fetch manifest postcss-selector-parser@^6.1.1
621 silly packumentCache full:https://registry.npmjs.org/postcss-selector-parser cache-miss
622 http cache https://registry.npmjs.org/postcss-selector-parser 21ms (cache hit)
623 silly packumentCache full:https://registry.npmjs.org/postcss-selector-parser set size:177140 disposed:false
624 silly fetch manifest cssesc@^3.0.0
625 silly packumentCache full:https://registry.npmjs.org/cssesc cache-miss
626 http fetch GET 200 https://registry.npmjs.org/cssesc 173ms (cache miss)
627 silly packumentCache full:https://registry.npmjs.org/cssesc set size:undefined disposed:false
628 silly fetch manifest util-deprecate@^1.0.2
629 silly packumentCache full:https://registry.npmjs.org/util-deprecate cache-miss
630 http fetch GET 200 https://registry.npmjs.org/util-deprecate 171ms (cache miss)
631 silly packumentCache full:https://registry.npmjs.org/util-deprecate set size:undefined disposed:false
632 silly fetch manifest es-errors@^1.3.0
633 silly packumentCache full:https://registry.npmjs.org/es-errors cache-miss
634 http fetch GET 200 https://registry.npmjs.org/es-errors 165ms (cache miss)
635 silly packumentCache full:https://registry.npmjs.org/es-errors set size:undefined disposed:false
636 silly fetch manifest is-core-module@^2.16.1
637 silly packumentCache full:https://registry.npmjs.org/is-core-module cache-miss
638 http fetch GET 200 https://registry.npmjs.org/is-core-module 204ms (cache miss)
639 silly packumentCache full:https://registry.npmjs.org/is-core-module set size:undefined disposed:false
640 silly fetch manifest path-parse@^1.0.7
641 silly packumentCache full:https://registry.npmjs.org/path-parse cache-miss
642 http fetch GET 200 https://registry.npmjs.org/path-parse 404ms (cache miss)
643 silly packumentCache full:https://registry.npmjs.org/path-parse set size:undefined disposed:false
644 silly fetch manifest supports-preserve-symlinks-flag@^1.0.0
645 silly packumentCache full:https://registry.npmjs.org/supports-preserve-symlinks-flag cache-miss
646 http fetch GET 200 https://registry.npmjs.org/supports-preserve-symlinks-flag 147ms (cache miss)
647 silly packumentCache full:https://registry.npmjs.org/supports-preserve-symlinks-flag set size:undefined disposed:false
648 silly fetch manifest commander@^4.0.0
649 silly packumentCache full:https://registry.npmjs.org/commander cache-miss
650 http fetch GET 200 https://registry.npmjs.org/commander 218ms (cache miss)
651 silly packumentCache full:https://registry.npmjs.org/commander set size:undefined disposed:false
652 silly fetch manifest lines-and-columns@^1.1.6
653 silly packumentCache full:https://registry.npmjs.org/lines-and-columns cache-miss
654 http fetch GET 200 https://registry.npmjs.org/lines-and-columns 213ms (cache miss)
655 silly packumentCache full:https://registry.npmjs.org/lines-and-columns set size:undefined disposed:false
656 silly fetch manifest mz@^2.7.0
657 silly packumentCache full:https://registry.npmjs.org/mz cache-miss
658 http fetch GET 200 https://registry.npmjs.org/mz 446ms (cache miss)
659 silly packumentCache full:https://registry.npmjs.org/mz set size:undefined disposed:false
660 silly fetch manifest pirates@^4.0.1
661 silly packumentCache full:https://registry.npmjs.org/pirates cache-miss
662 http fetch GET 200 https://registry.npmjs.org/pirates 170ms (cache miss)
663 silly packumentCache full:https://registry.npmjs.org/pirates set size:undefined disposed:false
664 silly fetch manifest tinyglobby@^0.2.11
665 silly packumentCache full:https://registry.npmjs.org/tinyglobby cache-miss
666 http fetch GET 200 https://registry.npmjs.org/tinyglobby 163ms (cache miss)
667 silly packumentCache full:https://registry.npmjs.org/tinyglobby set size:undefined disposed:false
668 silly fetch manifest ts-interface-checker@^0.1.9
669 silly packumentCache full:https://registry.npmjs.org/ts-interface-checker cache-miss
670 http fetch GET 200 https://registry.npmjs.org/ts-interface-checker 362ms (cache miss)
671 silly packumentCache full:https://registry.npmjs.org/ts-interface-checker set size:undefined disposed:false
672 silly placeDep ROOT anymatch@3.1.3 OK for: chokidar@3.6.0 want: ~3.1.2
673 silly placeDep ROOT braces@3.0.3 OK for: chokidar@3.6.0 want: ~3.0.2
674 silly placeDep ROOT fsevents@2.3.3 OK for: chokidar@3.6.0 want: ~2.3.2
675 silly placeDep node_modules/chokidar glob-parent@5.1.2 OK for: chokidar@3.6.0 want: ~5.1.2
676 silly placeDep ROOT is-binary-path@2.1.0 OK for: chokidar@3.6.0 want: ~2.1.0
677 silly placeDep ROOT readdirp@3.6.0 OK for: chokidar@3.6.0 want: ~3.6.0
678 silly fetch manifest picomatch@^2.0.4
679 silly packumentCache full:https://registry.npmjs.org/picomatch cache-miss
680 http cache https://registry.npmjs.org/picomatch 17ms (cache hit)
681 silly packumentCache full:https://registry.npmjs.org/picomatch set size:126376 disposed:false
682 silly fetch manifest fill-range@^7.1.1
683 silly packumentCache full:https://registry.npmjs.org/fill-range cache-miss
684 http fetch GET 200 https://registry.npmjs.org/fill-range 174ms (cache miss)
685 silly packumentCache full:https://registry.npmjs.org/fill-range set size:undefined disposed:false
686 silly fetch manifest binary-extensions@^2.0.0
687 silly packumentCache full:https://registry.npmjs.org/binary-extensions cache-miss
688 http fetch GET 200 https://registry.npmjs.org/binary-extensions 174ms (cache miss)
689 silly packumentCache full:https://registry.npmjs.org/binary-extensions set size:undefined disposed:false
690 silly fetch manifest picomatch@^2.2.1
691 silly packumentCache full:https://registry.npmjs.org/picomatch cache-hit
692 silly placeDep ROOT picomatch@2.3.2 OK for: anymatch@3.1.3 want: ^2.0.4
693 silly placeDep ROOT fill-range@7.1.1 OK for: braces@3.0.3 want: ^7.1.1
694 silly fetch manifest to-regex-range@^5.0.1
695 silly packumentCache full:https://registry.npmjs.org/to-regex-range cache-miss
696 http fetch GET 200 https://registry.npmjs.org/to-regex-range 210ms (cache miss)
697 silly packumentCache full:https://registry.npmjs.org/to-regex-range set size:undefined disposed:false
698 silly placeDep ROOT @nodelib/fs.stat@2.0.5 OK for: fast-glob@3.3.3 want: ^2.0.2
699 silly placeDep ROOT @nodelib/fs.walk@1.2.8 OK for: fast-glob@3.3.3 want: ^1.2.3
700 silly placeDep node_modules/fast-glob glob-parent@5.1.2 OK for: fast-glob@3.3.3 want: ^5.1.2
701 silly placeDep ROOT merge2@1.4.1 OK for: fast-glob@3.3.3 want: ^1.3.0
702 silly fetch manifest fastq@^1.6.0
703 silly packumentCache full:https://registry.npmjs.org/fastq cache-miss
704 http fetch GET 200 https://registry.npmjs.org/fastq 178ms (cache miss)
705 silly packumentCache full:https://registry.npmjs.org/fastq set size:undefined disposed:false
706 silly fetch manifest @nodelib/fs.scandir@2.1.5
707 silly packumentCache full:https://registry.npmjs.org/@nodelib%2ffs.scandir cache-miss
708 http fetch GET 200 https://registry.npmjs.org/@nodelib%2ffs.scandir 186ms (cache miss)
709 silly packumentCache full:https://registry.npmjs.org/@nodelib%2ffs.scandir set size:undefined disposed:false
710 silly placeDep ROOT @nodelib/fs.scandir@2.1.5 OK for: @nodelib/fs.walk@1.2.8 want: 2.1.5
711 silly placeDep ROOT fastq@1.20.1 OK for: @nodelib/fs.walk@1.2.8 want: ^1.6.0
712 silly fetch manifest run-parallel@^1.1.9
713 silly packumentCache full:https://registry.npmjs.org/run-parallel cache-miss
714 http fetch GET 200 https://registry.npmjs.org/run-parallel 494ms (cache miss)
715 silly packumentCache full:https://registry.npmjs.org/run-parallel set size:undefined disposed:false
716 silly fetch manifest reusify@^1.0.4
717 silly packumentCache full:https://registry.npmjs.org/reusify cache-miss
718 http fetch GET 200 https://registry.npmjs.org/reusify 208ms (cache miss)
719 silly packumentCache full:https://registry.npmjs.org/reusify set size:undefined disposed:false
720 silly placeDep ROOT run-parallel@1.2.0 OK for: @nodelib/fs.scandir@2.1.5 want: ^1.1.9
721 silly fetch manifest queue-microtask@^1.2.2
722 silly packumentCache full:https://registry.npmjs.org/queue-microtask cache-miss
723 http fetch GET 200 https://registry.npmjs.org/queue-microtask 163ms (cache miss)
724 silly packumentCache full:https://registry.npmjs.org/queue-microtask set size:undefined disposed:false
725 silly placeDep ROOT reusify@1.1.0 OK for: fastq@1.20.1 want: ^1.0.4
726 silly placeDep ROOT to-regex-range@5.0.1 OK for: fill-range@7.1.1 want: ^5.0.1
727 silly fetch manifest is-number@^7.0.0
728 silly packumentCache full:https://registry.npmjs.org/is-number cache-miss
729 http fetch GET 200 https://registry.npmjs.org/is-number 155ms (cache miss)
730 silly packumentCache full:https://registry.npmjs.org/is-number set size:undefined disposed:false
731 silly placeDep ROOT binary-extensions@2.3.0 OK for: is-binary-path@2.1.0 want: ^2.0.0
732 silly placeDep ROOT is-extglob@2.1.1 OK for: is-glob@4.0.3 want: ^2.1.1
733 silly placeDep ROOT read-cache@1.0.0 OK for: postcss-import@15.1.0 want: ^1.0.0
734 silly fetch manifest pify@^2.3.0
735 silly packumentCache full:https://registry.npmjs.org/pify cache-miss
736 http fetch GET 200 https://registry.npmjs.org/pify 311ms (cache miss)
737 silly packumentCache full:https://registry.npmjs.org/pify set size:undefined disposed:false
738 silly placeDep ROOT camelcase-css@2.0.1 OK for: postcss-js@4.1.0 want: ^2.0.1
739 silly placeDep ROOT cssesc@3.0.0 OK for: postcss-selector-parser@6.1.2 want: ^3.0.0
740 silly placeDep ROOT util-deprecate@1.0.2 OK for: postcss-selector-parser@6.1.2 want: ^1.0.2
741 silly placeDep ROOT pify@2.3.0 OK for: read-cache@1.0.0 want: ^2.3.0
742 silly placeDep ROOT es-errors@1.3.0 OK for: resolve@1.22.12 want: ^1.3.0
743 silly placeDep ROOT is-core-module@2.16.1 OK for: resolve@1.22.12 want: ^2.16.1
744 silly placeDep ROOT path-parse@1.0.7 OK for: resolve@1.22.12 want: ^1.0.7
745 silly placeDep ROOT supports-preserve-symlinks-flag@1.0.0 OK for: resolve@1.22.12 want: ^1.0.0
746 silly fetch manifest hasown@^2.0.2
747 silly packumentCache full:https://registry.npmjs.org/hasown cache-miss
748 http fetch GET 200 https://registry.npmjs.org/hasown 304ms (cache miss)
749 silly packumentCache full:https://registry.npmjs.org/hasown set size:undefined disposed:false
750 silly placeDep ROOT hasown@2.0.3 OK for: is-core-module@2.16.1 want: ^2.0.2
751 silly fetch manifest function-bind@^1.1.2
752 silly packumentCache full:https://registry.npmjs.org/function-bind cache-miss
753 http fetch GET 200 https://registry.npmjs.org/function-bind 172ms (cache miss)
754 silly packumentCache full:https://registry.npmjs.org/function-bind set size:undefined disposed:false
755 silly placeDep ROOT function-bind@1.1.2 OK for: hasown@2.0.3 want: ^1.1.2
756 silly placeDep ROOT queue-microtask@1.2.3 OK for: run-parallel@1.2.0 want: ^1.2.2
757 silly placeDep ROOT commander@4.1.1 OK for: sucrase@3.35.1 want: ^4.0.0
758 silly placeDep ROOT lines-and-columns@1.2.4 OK for: sucrase@3.35.1 want: ^1.1.6
759 silly placeDep ROOT mz@2.7.0 OK for: sucrase@3.35.1 want: ^2.7.0
760 silly placeDep ROOT pirates@4.0.7 OK for: sucrase@3.35.1 want: ^4.0.1
761 silly placeDep ROOT tinyglobby@0.2.16 OK for: sucrase@3.35.1 want: ^0.2.11
762 silly placeDep ROOT ts-interface-checker@0.1.13 OK for: sucrase@3.35.1 want: ^0.1.9
763 silly fetch manifest any-promise@^1.0.0
764 silly packumentCache full:https://registry.npmjs.org/any-promise cache-miss
765 http fetch GET 200 https://registry.npmjs.org/any-promise 156ms (cache miss)
766 silly packumentCache full:https://registry.npmjs.org/any-promise set size:undefined disposed:false
767 silly fetch manifest object-assign@^4.0.1
768 silly packumentCache full:https://registry.npmjs.org/object-assign cache-miss
769 http fetch GET 200 https://registry.npmjs.org/object-assign 168ms (cache miss)
770 silly packumentCache full:https://registry.npmjs.org/object-assign set size:undefined disposed:false
771 silly fetch manifest thenify-all@^1.0.0
772 silly packumentCache full:https://registry.npmjs.org/thenify-all cache-miss
773 http fetch GET 200 https://registry.npmjs.org/thenify-all 148ms (cache miss)
774 silly packumentCache full:https://registry.npmjs.org/thenify-all set size:undefined disposed:false
775 silly fetch manifest fdir@^6.5.0
776 silly packumentCache full:https://registry.npmjs.org/fdir cache-miss
777 http fetch GET 200 https://registry.npmjs.org/fdir 185ms (cache miss)
778 silly packumentCache full:https://registry.npmjs.org/fdir set size:undefined disposed:false
779 silly fetch manifest picomatch@^4.0.4
780 silly packumentCache full:https://registry.npmjs.org/picomatch cache-hit
781 silly placeDep ROOT any-promise@1.3.0 OK for: mz@2.7.0 want: ^1.0.0
782 silly placeDep ROOT object-assign@4.1.1 OK for: mz@2.7.0 want: ^4.0.1
783 silly placeDep ROOT thenify-all@1.6.0 OK for: mz@2.7.0 want: ^1.0.0
784 silly fetch manifest thenify@>= 3.1.0 < 4
785 silly packumentCache full:https://registry.npmjs.org/thenify cache-miss
786 http fetch GET 200 https://registry.npmjs.org/thenify 161ms (cache miss)
787 silly packumentCache full:https://registry.npmjs.org/thenify set size:undefined disposed:false
788 silly placeDep ROOT thenify@3.3.1 OK for: thenify-all@1.6.0 want: >= 3.1.0 < 4
789 silly placeDep node_modules/tinyglobby fdir@6.5.0 OK for: tinyglobby@0.2.16 want: ^6.5.0
790 silly placeDep node_modules/tinyglobby picomatch@4.0.4 OK for: fdir@6.5.0 want: ^3 || ^4
791 silly placeDep ROOT is-number@7.0.0 OK for: to-regex-range@5.0.1 want: ^7.0.0
792 silly placeDep ROOT escalade@3.2.0 OK for: update-browserslist-db@1.2.3 want: ^3.2.0
793 silly placeDep ROOT esbuild@0.21.5 OK for: vite@5.4.21 want: ^0.21.3
794 silly placeDep ROOT rollup@4.60.2 OK for: vite@5.4.21 want: ^4.20.0
795 silly fetch manifest @esbuild/aix-ppc64@0.21.5
796 silly packumentCache full:https://registry.npmjs.org/@esbuild%2faix-ppc64 cache-miss
797 http fetch GET 200 https://registry.npmjs.org/@esbuild%2faix-ppc64 224ms (cache miss)
798 silly packumentCache full:https://registry.npmjs.org/@esbuild%2faix-ppc64 set size:undefined disposed:false
799 silly fetch manifest @esbuild/linux-arm@0.21.5
800 silly packumentCache full:https://registry.npmjs.org/@esbuild%2flinux-arm cache-miss
801 http fetch GET 200 https://registry.npmjs.org/@esbuild%2flinux-arm 206ms (cache miss)
802 silly packumentCache full:https://registry.npmjs.org/@esbuild%2flinux-arm set size:undefined disposed:false
803 silly fetch manifest @esbuild/linux-x64@0.21.5
804 silly packumentCache full:https://registry.npmjs.org/@esbuild%2flinux-x64 cache-miss
805 http fetch GET 200 https://registry.npmjs.org/@esbuild%2flinux-x64 218ms (cache miss)
806 silly packumentCache full:https://registry.npmjs.org/@esbuild%2flinux-x64 set size:undefined disposed:false
807 silly fetch manifest @esbuild/sunos-x64@0.21.5
808 silly packumentCache full:https://registry.npmjs.org/@esbuild%2fsunos-x64 cache-miss
809 http fetch GET 200 https://registry.npmjs.org/@esbuild%2fsunos-x64 213ms (cache miss)
810 silly packumentCache full:https://registry.npmjs.org/@esbuild%2fsunos-x64 set size:undefined disposed:false
811 silly fetch manifest @esbuild/win32-x64@0.21.5
812 silly packumentCache full:https://registry.npmjs.org/@esbuild%2fwin32-x64 cache-miss
813 http fetch GET 200 https://registry.npmjs.org/@esbuild%2fwin32-x64 269ms (cache miss)
814 silly packumentCache full:https://registry.npmjs.org/@esbuild%2fwin32-x64 set size:undefined disposed:false
815 silly fetch manifest @esbuild/darwin-x64@0.21.5
816 silly packumentCache full:https://registry.npmjs.org/@esbuild%2fdarwin-x64 cache-miss
817 http fetch GET 200 https://registry.npmjs.org/@esbuild%2fdarwin-x64 246ms (cache miss)
818 silly packumentCache full:https://registry.npmjs.org/@esbuild%2fdarwin-x64 set size:undefined disposed:false
819 silly fetch manifest @esbuild/linux-ia32@0.21.5
820 silly packumentCache full:https://registry.npmjs.org/@esbuild%2flinux-ia32 cache-miss
821 http fetch GET 200 https://registry.npmjs.org/@esbuild%2flinux-ia32 234ms (cache miss)
822 silly packumentCache full:https://registry.npmjs.org/@esbuild%2flinux-ia32 set size:undefined disposed:false
823 silly fetch manifest @esbuild/netbsd-x64@0.21.5
824 silly packumentCache full:https://registry.npmjs.org/@esbuild%2fnetbsd-x64 cache-miss
825 http fetch GET 200 https://registry.npmjs.org/@esbuild%2fnetbsd-x64 236ms (cache miss)
826 silly packumentCache full:https://registry.npmjs.org/@esbuild%2fnetbsd-x64 set size:undefined disposed:false
827 silly fetch manifest @esbuild/win32-ia32@0.21.5
828 silly packumentCache full:https://registry.npmjs.org/@esbuild%2fwin32-ia32 cache-miss
829 http fetch GET 200 https://registry.npmjs.org/@esbuild%2fwin32-ia32 236ms (cache miss)
830 silly packumentCache full:https://registry.npmjs.org/@esbuild%2fwin32-ia32 set size:undefined disposed:false
831 silly fetch manifest @esbuild/android-arm@0.21.5
832 silly packumentCache full:https://registry.npmjs.org/@esbuild%2fandroid-arm cache-miss
833 http fetch GET 200 https://registry.npmjs.org/@esbuild%2fandroid-arm 337ms (cache miss)
834 silly packumentCache full:https://registry.npmjs.org/@esbuild%2fandroid-arm set size:undefined disposed:false
835 silly fetch manifest @esbuild/android-x64@0.21.5
836 silly packumentCache full:https://registry.npmjs.org/@esbuild%2fandroid-x64 cache-miss
837 http fetch GET 200 https://registry.npmjs.org/@esbuild%2fandroid-x64 245ms (cache miss)
838 silly packumentCache full:https://registry.npmjs.org/@esbuild%2fandroid-x64 set size:undefined disposed:false
839 silly fetch manifest @esbuild/freebsd-x64@0.21.5
840 silly packumentCache full:https://registry.npmjs.org/@esbuild%2ffreebsd-x64 cache-miss
841 http fetch GET 200 https://registry.npmjs.org/@esbuild%2ffreebsd-x64 204ms (cache miss)
842 silly packumentCache full:https://registry.npmjs.org/@esbuild%2ffreebsd-x64 set size:undefined disposed:false
843 silly fetch manifest @esbuild/linux-arm64@0.21.5
844 silly packumentCache full:https://registry.npmjs.org/@esbuild%2flinux-arm64 cache-miss
845 http fetch GET 200 https://registry.npmjs.org/@esbuild%2flinux-arm64 205ms (cache miss)
846 silly packumentCache full:https://registry.npmjs.org/@esbuild%2flinux-arm64 set size:undefined disposed:false
847 silly fetch manifest @esbuild/linux-ppc64@0.21.5
848 silly packumentCache full:https://registry.npmjs.org/@esbuild%2flinux-ppc64 cache-miss
849 http fetch GET 200 https://registry.npmjs.org/@esbuild%2flinux-ppc64 362ms (cache miss)
850 silly packumentCache full:https://registry.npmjs.org/@esbuild%2flinux-ppc64 set size:undefined disposed:false
851 silly fetch manifest @esbuild/linux-s390x@0.21.5
852 silly packumentCache full:https://registry.npmjs.org/@esbuild%2flinux-s390x cache-miss
853 http fetch GET 200 https://registry.npmjs.org/@esbuild%2flinux-s390x 205ms (cache miss)
854 silly packumentCache full:https://registry.npmjs.org/@esbuild%2flinux-s390x set size:undefined disposed:false
855 silly fetch manifest @esbuild/openbsd-x64@0.21.5
856 silly packumentCache full:https://registry.npmjs.org/@esbuild%2fopenbsd-x64 cache-miss
857 http fetch GET 200 https://registry.npmjs.org/@esbuild%2fopenbsd-x64 211ms (cache miss)
858 silly packumentCache full:https://registry.npmjs.org/@esbuild%2fopenbsd-x64 set size:undefined disposed:false
859 silly fetch manifest @esbuild/win32-arm64@0.21.5
860 silly packumentCache full:https://registry.npmjs.org/@esbuild%2fwin32-arm64 cache-miss
861 http fetch GET 200 https://registry.npmjs.org/@esbuild%2fwin32-arm64 259ms (cache miss)
862 silly packumentCache full:https://registry.npmjs.org/@esbuild%2fwin32-arm64 set size:undefined disposed:false
863 silly fetch manifest @esbuild/darwin-arm64@0.21.5
864 silly packumentCache full:https://registry.npmjs.org/@esbuild%2fdarwin-arm64 cache-miss
865 http fetch GET 200 https://registry.npmjs.org/@esbuild%2fdarwin-arm64 261ms (cache miss)
866 silly packumentCache full:https://registry.npmjs.org/@esbuild%2fdarwin-arm64 set size:undefined disposed:false
867 silly fetch manifest @esbuild/android-arm64@0.21.5
868 silly packumentCache full:https://registry.npmjs.org/@esbuild%2fandroid-arm64 cache-miss
869 http fetch GET 200 https://registry.npmjs.org/@esbuild%2fandroid-arm64 618ms (cache miss)
870 silly packumentCache full:https://registry.npmjs.org/@esbuild%2fandroid-arm64 set size:undefined disposed:false
871 silly fetch manifest @esbuild/freebsd-arm64@0.21.5
872 silly packumentCache full:https://registry.npmjs.org/@esbuild%2ffreebsd-arm64 cache-miss
873 http fetch GET 200 https://registry.npmjs.org/@esbuild%2ffreebsd-arm64 219ms (cache miss)
874 silly packumentCache full:https://registry.npmjs.org/@esbuild%2ffreebsd-arm64 set size:undefined disposed:false
875 silly fetch manifest @esbuild/linux-loong64@0.21.5
876 silly packumentCache full:https://registry.npmjs.org/@esbuild%2flinux-loong64 cache-miss
877 http fetch GET 200 https://registry.npmjs.org/@esbuild%2flinux-loong64 241ms (cache miss)
878 silly packumentCache full:https://registry.npmjs.org/@esbuild%2flinux-loong64 set size:undefined disposed:false
879 silly fetch manifest @esbuild/linux-riscv64@0.21.5
880 silly packumentCache full:https://registry.npmjs.org/@esbuild%2flinux-riscv64 cache-miss
881 http fetch GET 200 https://registry.npmjs.org/@esbuild%2flinux-riscv64 199ms (cache miss)
882 silly packumentCache full:https://registry.npmjs.org/@esbuild%2flinux-riscv64 set size:undefined disposed:false
883 silly fetch manifest @esbuild/linux-mips64el@0.21.5
884 silly packumentCache full:https://registry.npmjs.org/@esbuild%2flinux-mips64el cache-miss
885 http fetch GET 200 https://registry.npmjs.org/@esbuild%2flinux-mips64el 215ms (cache miss)
886 silly packumentCache full:https://registry.npmjs.org/@esbuild%2flinux-mips64el set size:undefined disposed:false
887 silly fetch manifest @types/estree@1.0.8
888 silly packumentCache full:https://registry.npmjs.org/@types%2festree cache-miss
889 http fetch GET 200 https://registry.npmjs.org/@types%2festree 173ms (cache miss)
890 silly packumentCache full:https://registry.npmjs.org/@types%2festree set size:undefined disposed:false
891 silly fetch manifest @rollup/rollup-darwin-arm64@4.60.2
892 silly packumentCache full:https://registry.npmjs.org/@rollup%2frollup-darwin-arm64 cache-miss
893 http fetch GET 200 https://registry.npmjs.org/@rollup%2frollup-darwin-arm64 234ms (cache miss)
894 silly packumentCache full:https://registry.npmjs.org/@rollup%2frollup-darwin-arm64 set size:undefined disposed:false
895 silly fetch manifest @rollup/rollup-android-arm64@4.60.2
896 silly packumentCache full:https://registry.npmjs.org/@rollup%2frollup-android-arm64 cache-miss
897 http fetch GET 200 https://registry.npmjs.org/@rollup%2frollup-android-arm64 201ms (cache miss)
898 silly packumentCache full:https://registry.npmjs.org/@rollup%2frollup-android-arm64 set size:undefined disposed:false
899 silly fetch manifest @rollup/rollup-win32-arm64-msvc@4.60.2
900 silly packumentCache full:https://registry.npmjs.org/@rollup%2frollup-win32-arm64-msvc cache-miss
901 http fetch GET 200 https://registry.npmjs.org/@rollup%2frollup-win32-arm64-msvc 215ms (cache miss)
902 silly packumentCache full:https://registry.npmjs.org/@rollup%2frollup-win32-arm64-msvc set size:undefined disposed:false
903 silly fetch manifest @rollup/rollup-freebsd-arm64@4.60.2
904 silly packumentCache full:https://registry.npmjs.org/@rollup%2frollup-freebsd-arm64 cache-miss
905 http fetch GET 200 https://registry.npmjs.org/@rollup%2frollup-freebsd-arm64 208ms (cache miss)
906 silly packumentCache full:https://registry.npmjs.org/@rollup%2frollup-freebsd-arm64 set size:undefined disposed:false
907 silly fetch manifest @rollup/rollup-linux-arm64-gnu@4.60.2
908 silly packumentCache full:https://registry.npmjs.org/@rollup%2frollup-linux-arm64-gnu cache-miss
909 http fetch GET 200 https://registry.npmjs.org/@rollup%2frollup-linux-arm64-gnu 227ms (cache miss)
910 silly packumentCache full:https://registry.npmjs.org/@rollup%2frollup-linux-arm64-gnu set size:undefined disposed:false
911 silly fetch manifest @rollup/rollup-linux-arm64-musl@4.60.2
912 silly packumentCache full:https://registry.npmjs.org/@rollup%2frollup-linux-arm64-musl cache-miss
913 http fetch GET 200 https://registry.npmjs.org/@rollup%2frollup-linux-arm64-musl 219ms (cache miss)
914 silly packumentCache full:https://registry.npmjs.org/@rollup%2frollup-linux-arm64-musl set size:undefined disposed:false
915 silly fetch manifest @rollup/rollup-android-arm-eabi@4.60.2
916 silly packumentCache full:https://registry.npmjs.org/@rollup%2frollup-android-arm-eabi cache-miss
917 http fetch GET 200 https://registry.npmjs.org/@rollup%2frollup-android-arm-eabi 263ms (cache miss)
918 silly packumentCache full:https://registry.npmjs.org/@rollup%2frollup-android-arm-eabi set size:undefined disposed:false
919 silly fetch manifest @rollup/rollup-linux-arm-gnueabihf@4.60.2
920 silly packumentCache full:https://registry.npmjs.org/@rollup%2frollup-linux-arm-gnueabihf cache-miss
921 http fetch GET 200 https://registry.npmjs.org/@rollup%2frollup-linux-arm-gnueabihf 204ms (cache miss)
922 silly packumentCache full:https://registry.npmjs.org/@rollup%2frollup-linux-arm-gnueabihf set size:undefined disposed:false
923 silly fetch manifest @rollup/rollup-linux-arm-musleabihf@4.60.2
924 silly packumentCache full:https://registry.npmjs.org/@rollup%2frollup-linux-arm-musleabihf cache-miss
925 http fetch GET 200 https://registry.npmjs.org/@rollup%2frollup-linux-arm-musleabihf 464ms (cache miss)
926 silly packumentCache full:https://registry.npmjs.org/@rollup%2frollup-linux-arm-musleabihf set size:undefined disposed:false
927 silly fetch manifest @rollup/rollup-win32-ia32-msvc@4.60.2
928 silly packumentCache full:https://registry.npmjs.org/@rollup%2frollup-win32-ia32-msvc cache-miss
929 http fetch GET 200 https://registry.npmjs.org/@rollup%2frollup-win32-ia32-msvc 236ms (cache miss)
930 silly packumentCache full:https://registry.npmjs.org/@rollup%2frollup-win32-ia32-msvc set size:undefined disposed:false
931 silly fetch manifest @rollup/rollup-linux-loong64-gnu@4.60.2
932 silly packumentCache full:https://registry.npmjs.org/@rollup%2frollup-linux-loong64-gnu cache-miss
933 http fetch GET 200 https://registry.npmjs.org/@rollup%2frollup-linux-loong64-gnu 245ms (cache miss)
934 silly packumentCache full:https://registry.npmjs.org/@rollup%2frollup-linux-loong64-gnu set size:undefined disposed:false
935 silly fetch manifest @rollup/rollup-linux-loong64-musl@4.60.2
936 silly packumentCache full:https://registry.npmjs.org/@rollup%2frollup-linux-loong64-musl cache-miss
937 http fetch GET 200 https://registry.npmjs.org/@rollup%2frollup-linux-loong64-musl 520ms (cache miss)
938 silly packumentCache full:https://registry.npmjs.org/@rollup%2frollup-linux-loong64-musl set size:undefined disposed:false
939 silly fetch manifest @rollup/rollup-linux-riscv64-gnu@4.60.2
940 silly packumentCache full:https://registry.npmjs.org/@rollup%2frollup-linux-riscv64-gnu cache-miss
941 http fetch GET 200 https://registry.npmjs.org/@rollup%2frollup-linux-riscv64-gnu 236ms (cache miss)
942 silly packumentCache full:https://registry.npmjs.org/@rollup%2frollup-linux-riscv64-gnu set size:undefined disposed:false
943 silly fetch manifest @rollup/rollup-linux-riscv64-musl@4.60.2
944 silly packumentCache full:https://registry.npmjs.org/@rollup%2frollup-linux-riscv64-musl cache-miss
945 http fetch GET 200 https://registry.npmjs.org/@rollup%2frollup-linux-riscv64-musl 200ms (cache miss)
946 silly packumentCache full:https://registry.npmjs.org/@rollup%2frollup-linux-riscv64-musl set size:undefined disposed:false
947 silly fetch manifest @rollup/rollup-linux-ppc64-gnu@4.60.2
948 silly packumentCache full:https://registry.npmjs.org/@rollup%2frollup-linux-ppc64-gnu cache-miss
949 http fetch GET 200 https://registry.npmjs.org/@rollup%2frollup-linux-ppc64-gnu 182ms (cache miss)
950 silly packumentCache full:https://registry.npmjs.org/@rollup%2frollup-linux-ppc64-gnu set size:undefined disposed:false
951 silly fetch manifest @rollup/rollup-linux-ppc64-musl@4.60.2
952 silly packumentCache full:https://registry.npmjs.org/@rollup%2frollup-linux-ppc64-musl cache-miss
953 http fetch GET 200 https://registry.npmjs.org/@rollup%2frollup-linux-ppc64-musl 174ms (cache miss)
954 silly packumentCache full:https://registry.npmjs.org/@rollup%2frollup-linux-ppc64-musl set size:undefined disposed:false
955 silly fetch manifest @rollup/rollup-linux-s390x-gnu@4.60.2
956 silly packumentCache full:https://registry.npmjs.org/@rollup%2frollup-linux-s390x-gnu cache-miss
957 http fetch GET 200 https://registry.npmjs.org/@rollup%2frollup-linux-s390x-gnu 196ms (cache miss)
958 silly packumentCache full:https://registry.npmjs.org/@rollup%2frollup-linux-s390x-gnu set size:undefined disposed:false
959 silly fetch manifest @rollup/rollup-darwin-x64@4.60.2
960 silly packumentCache full:https://registry.npmjs.org/@rollup%2frollup-darwin-x64 cache-miss
961 http fetch GET 200 https://registry.npmjs.org/@rollup%2frollup-darwin-x64 213ms (cache miss)
962 silly packumentCache full:https://registry.npmjs.org/@rollup%2frollup-darwin-x64 set size:undefined disposed:false
963 silly fetch manifest @rollup/rollup-win32-x64-gnu@4.60.2
964 silly packumentCache full:https://registry.npmjs.org/@rollup%2frollup-win32-x64-gnu cache-miss
965 http fetch GET 200 https://registry.npmjs.org/@rollup%2frollup-win32-x64-gnu 175ms (cache miss)
966 silly packumentCache full:https://registry.npmjs.org/@rollup%2frollup-win32-x64-gnu set size:undefined disposed:false
967 silly fetch manifest @rollup/rollup-win32-x64-msvc@4.60.2
968 silly packumentCache full:https://registry.npmjs.org/@rollup%2frollup-win32-x64-msvc cache-miss
969 http fetch GET 200 https://registry.npmjs.org/@rollup%2frollup-win32-x64-msvc 221ms (cache miss)
970 silly packumentCache full:https://registry.npmjs.org/@rollup%2frollup-win32-x64-msvc set size:undefined disposed:false
971 silly fetch manifest @rollup/rollup-freebsd-x64@4.60.2
972 silly packumentCache full:https://registry.npmjs.org/@rollup%2frollup-freebsd-x64 cache-miss
973 http fetch GET 200 https://registry.npmjs.org/@rollup%2frollup-freebsd-x64 187ms (cache miss)
974 silly packumentCache full:https://registry.npmjs.org/@rollup%2frollup-freebsd-x64 set size:undefined disposed:false
975 silly fetch manifest @rollup/rollup-linux-x64-gnu@4.60.2
976 silly packumentCache full:https://registry.npmjs.org/@rollup%2frollup-linux-x64-gnu cache-miss
977 http fetch GET 200 https://registry.npmjs.org/@rollup%2frollup-linux-x64-gnu 278ms (cache miss)
978 silly packumentCache full:https://registry.npmjs.org/@rollup%2frollup-linux-x64-gnu set size:undefined disposed:false
979 silly fetch manifest @rollup/rollup-linux-x64-musl@4.60.2
980 silly packumentCache full:https://registry.npmjs.org/@rollup%2frollup-linux-x64-musl cache-miss
981 http fetch GET 200 https://registry.npmjs.org/@rollup%2frollup-linux-x64-musl 218ms (cache miss)
982 silly packumentCache full:https://registry.npmjs.org/@rollup%2frollup-linux-x64-musl set size:undefined disposed:false
983 silly fetch manifest @rollup/rollup-openbsd-x64@4.60.2
984 silly packumentCache full:https://registry.npmjs.org/@rollup%2frollup-openbsd-x64 cache-miss
985 http fetch GET 200 https://registry.npmjs.org/@rollup%2frollup-openbsd-x64 247ms (cache miss)
986 silly packumentCache full:https://registry.npmjs.org/@rollup%2frollup-openbsd-x64 set size:undefined disposed:false
987 silly fetch manifest @rollup/rollup-openharmony-arm64@4.60.2
988 silly packumentCache full:https://registry.npmjs.org/@rollup%2frollup-openharmony-arm64 cache-miss
989 http fetch GET 200 https://registry.npmjs.org/@rollup%2frollup-openharmony-arm64 176ms (cache miss)
990 silly packumentCache full:https://registry.npmjs.org/@rollup%2frollup-openharmony-arm64 set size:undefined disposed:false
991 silly placeDep ROOT @esbuild/aix-ppc64@0.21.5 OK for: esbuild@0.21.5 want: 0.21.5
992 silly placeDep ROOT @esbuild/android-arm@0.21.5 OK for: esbuild@0.21.5 want: 0.21.5
993 silly placeDep ROOT @esbuild/android-arm64@0.21.5 OK for: esbuild@0.21.5 want: 0.21.5
994 silly placeDep ROOT @esbuild/android-x64@0.21.5 OK for: esbuild@0.21.5 want: 0.21.5
995 silly placeDep ROOT @esbuild/darwin-arm64@0.21.5 OK for: esbuild@0.21.5 want: 0.21.5
996 silly placeDep ROOT @esbuild/darwin-x64@0.21.5 OK for: esbuild@0.21.5 want: 0.21.5
997 silly placeDep ROOT @esbuild/freebsd-arm64@0.21.5 OK for: esbuild@0.21.5 want: 0.21.5
998 silly placeDep ROOT @esbuild/freebsd-x64@0.21.5 OK for: esbuild@0.21.5 want: 0.21.5
999 silly placeDep ROOT @esbuild/linux-arm@0.21.5 OK for: esbuild@0.21.5 want: 0.21.5
1000 silly placeDep ROOT @esbuild/linux-arm64@0.21.5 OK for: esbuild@0.21.5 want: 0.21.5
1001 silly placeDep ROOT @esbuild/linux-ia32@0.21.5 OK for: esbuild@0.21.5 want: 0.21.5
1002 silly placeDep ROOT @esbuild/linux-loong64@0.21.5 OK for: esbuild@0.21.5 want: 0.21.5
1003 silly placeDep ROOT @esbuild/linux-mips64el@0.21.5 OK for: esbuild@0.21.5 want: 0.21.5
1004 silly placeDep ROOT @esbuild/linux-ppc64@0.21.5 OK for: esbuild@0.21.5 want: 0.21.5
1005 silly placeDep ROOT @esbuild/linux-riscv64@0.21.5 OK for: esbuild@0.21.5 want: 0.21.5
1006 silly placeDep ROOT @esbuild/linux-s390x@0.21.5 OK for: esbuild@0.21.5 want: 0.21.5
1007 silly placeDep ROOT @esbuild/linux-x64@0.21.5 OK for: esbuild@0.21.5 want: 0.21.5
1008 silly placeDep ROOT @esbuild/netbsd-x64@0.21.5 OK for: esbuild@0.21.5 want: 0.21.5
1009 silly placeDep ROOT @esbuild/openbsd-x64@0.21.5 OK for: esbuild@0.21.5 want: 0.21.5
1010 silly placeDep ROOT @esbuild/sunos-x64@0.21.5 OK for: esbuild@0.21.5 want: 0.21.5
1011 silly placeDep ROOT @esbuild/win32-arm64@0.21.5 OK for: esbuild@0.21.5 want: 0.21.5
1012 silly placeDep ROOT @esbuild/win32-ia32@0.21.5 OK for: esbuild@0.21.5 want: 0.21.5
1013 silly placeDep ROOT @esbuild/win32-x64@0.21.5 OK for: esbuild@0.21.5 want: 0.21.5
1014 silly placeDep ROOT @rollup/rollup-android-arm-eabi@4.60.2 OK for: rollup@4.60.2 want: 4.60.2
1015 silly placeDep ROOT @rollup/rollup-android-arm64@4.60.2 OK for: rollup@4.60.2 want: 4.60.2
1016 silly placeDep ROOT @rollup/rollup-darwin-arm64@4.60.2 OK for: rollup@4.60.2 want: 4.60.2
1017 silly placeDep ROOT @rollup/rollup-darwin-x64@4.60.2 OK for: rollup@4.60.2 want: 4.60.2
1018 silly placeDep ROOT @rollup/rollup-freebsd-arm64@4.60.2 OK for: rollup@4.60.2 want: 4.60.2
1019 silly placeDep ROOT @rollup/rollup-freebsd-x64@4.60.2 OK for: rollup@4.60.2 want: 4.60.2
1020 silly placeDep ROOT @rollup/rollup-linux-arm-gnueabihf@4.60.2 OK for: rollup@4.60.2 want: 4.60.2
1021 silly placeDep ROOT @rollup/rollup-linux-arm-musleabihf@4.60.2 OK for: rollup@4.60.2 want: 4.60.2
1022 silly placeDep ROOT @rollup/rollup-linux-arm64-gnu@4.60.2 OK for: rollup@4.60.2 want: 4.60.2
1023 silly placeDep ROOT @rollup/rollup-linux-arm64-musl@4.60.2 OK for: rollup@4.60.2 want: 4.60.2
1024 silly placeDep ROOT @rollup/rollup-linux-loong64-gnu@4.60.2 OK for: rollup@4.60.2 want: 4.60.2
1025 silly placeDep ROOT @rollup/rollup-linux-loong64-musl@4.60.2 OK for: rollup@4.60.2 want: 4.60.2
1026 silly placeDep ROOT @rollup/rollup-linux-ppc64-gnu@4.60.2 OK for: rollup@4.60.2 want: 4.60.2
1027 silly placeDep ROOT @rollup/rollup-linux-ppc64-musl@4.60.2 OK for: rollup@4.60.2 want: 4.60.2
1028 silly placeDep ROOT @rollup/rollup-linux-riscv64-gnu@4.60.2 OK for: rollup@4.60.2 want: 4.60.2
1029 silly placeDep ROOT @rollup/rollup-linux-riscv64-musl@4.60.2 OK for: rollup@4.60.2 want: 4.60.2
1030 silly placeDep ROOT @rollup/rollup-linux-s390x-gnu@4.60.2 OK for: rollup@4.60.2 want: 4.60.2
1031 silly placeDep ROOT @rollup/rollup-linux-x64-gnu@4.60.2 OK for: rollup@4.60.2 want: 4.60.2
1032 silly placeDep ROOT @rollup/rollup-linux-x64-musl@4.60.2 OK for: rollup@4.60.2 want: 4.60.2
1033 silly placeDep ROOT @rollup/rollup-openbsd-x64@4.60.2 OK for: rollup@4.60.2 want: 4.60.2
1034 silly placeDep ROOT @rollup/rollup-openharmony-arm64@4.60.2 OK for: rollup@4.60.2 want: 4.60.2
1035 silly placeDep ROOT @rollup/rollup-win32-arm64-msvc@4.60.2 OK for: rollup@4.60.2 want: 4.60.2
1036 silly placeDep ROOT @rollup/rollup-win32-ia32-msvc@4.60.2 OK for: rollup@4.60.2 want: 4.60.2
1037 silly placeDep ROOT @rollup/rollup-win32-x64-gnu@4.60.2 OK for: rollup@4.60.2 want: 4.60.2
1038 silly placeDep ROOT @rollup/rollup-win32-x64-msvc@4.60.2 OK for: rollup@4.60.2 want: 4.60.2
1039 silly placeDep ROOT @types/estree@1.0.8 OK for: rollup@4.60.2 want: 1.0.8
1040 silly reify moves {}
1041 silly audit bulk request {
1041 silly audit   '@vitejs/plugin-react': [ '4.7.0' ],
1041 silly audit   vite: [ '5.4.21' ],
1041 silly audit   autoprefixer: [ '10.5.0' ],
1041 silly audit   postcss: [ '8.5.13' ],
1041 silly audit   'framer-motion': [ '11.18.2' ],
1041 silly audit   'lucide-react': [ '0.468.0' ],
1041 silly audit   react: [ '18.3.1' ],
1041 silly audit   'react-dom': [ '18.3.1' ],
1041 silly audit   tailwindcss: [ '3.4.19' ],
1041 silly audit   '@babel/core': [ '7.29.0' ],
1041 silly audit   '@babel/plugin-transform-react-jsx-self': [ '7.27.1' ],
1041 silly audit   '@babel/plugin-transform-react-jsx-source': [ '7.27.1' ],
1041 silly audit   '@rolldown/pluginutils': [ '1.0.0-beta.27' ],
1041 silly audit   '@types/babel__core': [ '7.20.5' ],
1041 silly audit   'react-refresh': [ '0.17.0' ],
1041 silly audit   '@babel/code-frame': [ '7.29.0' ],
1041 silly audit   '@babel/generator': [ '7.29.1' ],
1041 silly audit   '@babel/helper-compilation-targets': [ '7.28.6' ],
1041 silly audit   '@babel/helper-module-transforms': [ '7.28.6' ],
1041 silly audit   '@babel/helpers': [ '7.29.2' ],
1041 silly audit   '@babel/parser': [ '7.29.3' ],
1041 silly audit   '@babel/template': [ '7.28.6' ],
1041 silly audit   '@babel/traverse': [ '7.29.0' ],
1041 silly audit   '@babel/types': [ '7.29.0' ],
1041 silly audit   '@jridgewell/remapping': [ '2.3.5' ],
1041 silly audit   'convert-source-map': [ '2.0.0' ],
1041 silly audit   debug: [ '4.4.3' ],
1041 silly audit   gensync: [ '1.0.0-beta.2' ],
1041 silly audit   json5: [ '2.2.3' ],
1041 silly audit   semver: [ '6.3.1' ],
1041 silly audit   '@babel/helper-validator-identifier': [ '7.28.5' ],
1041 silly audit   'js-tokens': [ '4.0.0' ],
1041 silly audit   picocolors: [ '1.1.1' ],
1041 silly audit   '@jridgewell/gen-mapping': [ '0.3.13' ],
1041 silly audit   '@jridgewell/trace-mapping': [ '0.3.31' ],
1041 silly audit   jsesc: [ '3.1.0' ],
1041 silly audit   '@babel/compat-data': [ '7.29.3' ],
1041 silly audit   '@babel/helper-validator-option': [ '7.27.1' ],
1041 silly audit   browserslist: [ '4.28.2' ],
1041 silly audit   'lru-cache': [ '5.1.1' ],
1041 silly audit   '@babel/helper-module-imports': [ '7.28.6' ],
1041 silly audit   '@babel/helper-plugin-utils': [ '7.28.6' ],
1041 silly audit   '@babel/helper-globals': [ '7.28.0' ],
1041 silly audit   '@babel/helper-string-parser': [ '7.27.1' ],
1041 silly audit   '@jridgewell/sourcemap-codec': [ '1.5.5' ],
1041 silly audit   '@jridgewell/resolve-uri': [ '3.1.2' ],
1041 silly audit   '@types/babel__generator': [ '7.27.0' ],
1041 silly audit   '@types/babel__template': [ '7.4.4' ],
1041 silly audit   '@types/babel__traverse': [ '7.28.0' ],
1041 silly audit   'caniuse-lite': [ '1.0.30001791' ],
1041 silly audit   'fraction.js': [ '5.3.4' ],
1041 silly audit   'postcss-value-parser': [ '4.2.0' ],
1041 silly audit   'baseline-browser-mapping': [ '2.10.27' ],
1041 silly audit   'electron-to-chromium': [ '1.5.349' ],
1041 silly audit   'node-releases': [ '2.0.38' ],
1041 silly audit   'update-browserslist-db': [ '1.2.3' ],
1041 silly audit   ms: [ '2.1.3' ],
1041 silly audit   'motion-dom': [ '11.18.1' ],
1041 silly audit   'motion-utils': [ '11.18.1' ],
1041 silly audit   tslib: [ '2.8.1' ],
1041 silly audit   yallist: [ '3.1.1' ],
1041 silly audit   nanoid: [ '3.3.12' ],
1041 silly audit   'source-map-js': [ '1.2.1' ],
1041 silly audit   'loose-envify': [ '1.4.0' ],
1041 silly audit   scheduler: [ '0.23.2' ],
1041 silly audit   '@alloc/quick-lru': [ '5.2.0' ],
1041 silly audit   arg: [ '5.0.2' ],
1041 silly audit   chokidar: [ '3.6.0' ],
1041 silly audit   didyoumean: [ '1.2.2' ],
1041 silly audit   dlv: [ '1.1.3' ],
1041 silly audit   'fast-glob': [ '3.3.3' ],
1041 silly audit   'glob-parent': [ '6.0.2', '5.1.2' ],
1041 silly audit   'is-glob': [ '4.0.3' ],
1041 silly audit   jiti: [ '1.21.7' ],
1041 silly audit   lilconfig: [ '3.1.3' ],
1041 silly audit   micromatch: [ '4.0.8' ],
1041 silly audit   'normalize-path': [ '3.0.0' ],
1041 silly audit   'object-hash': [ '3.0.0' ],
1041 silly audit   'postcss-import': [ '15.1.0' ],
1041 silly audit   'postcss-js': [ '4.1.0' ],
1041 silly audit   'postcss-load-config': [ '6.0.1' ],
1041 silly audit   'postcss-nested': [ '6.2.0' ],
1041 silly audit   'postcss-selector-parser': [ '6.1.2' ],
1041 silly audit   resolve: [ '1.22.12' ],
1041 silly audit   sucrase: [ '3.35.1' ],
1041 silly audit   anymatch: [ '3.1.3' ],
1041 silly audit   braces: [ '3.0.3' ],
1041 silly audit   fsevents: [ '2.3.3' ],
1041 silly audit   'is-binary-path': [ '2.1.0' ],
1041 silly audit   readdirp: [ '3.6.0' ],
1041 silly audit   picomatch: [ '2.3.2', '4.0.4' ],
1041 silly audit   'fill-range': [ '7.1.1' ],
1041 silly audit   '@nodelib/fs.stat': [ '2.0.5' ],
1041 silly audit   '@nodelib/fs.walk': [ '1.2.8' ],
1041 silly audit   merge2: [ '1.4.1' ],
1041 silly audit   '@nodelib/fs.scandir': [ '2.1.5' ],
1041 silly audit   fastq: [ '1.20.1' ],
1041 silly audit   'run-parallel': [ '1.2.0' ],
1041 silly audit   reusify: [ '1.1.0' ],
1041 silly audit   'to-regex-range': [ '5.0.1' ],
1041 silly audit   'binary-extensions': [ '2.3.0' ],
1041 silly audit   'is-extglob': [ '2.1.1' ],
1041 silly audit   'read-cache': [ '1.0.0' ],
1041 silly audit   'camelcase-css': [ '2.0.1' ],
1041 silly audit   cssesc: [ '3.0.0' ],
1041 silly audit   'util-deprecate': [ '1.0.2' ],
1041 silly audit   pify: [ '2.3.0' ],
1041 silly audit   'es-errors': [ '1.3.0' ],
1041 silly audit   'is-core-module': [ '2.16.1' ],
1041 silly audit   'path-parse': [ '1.0.7' ],
1041 silly audit   'supports-preserve-symlinks-flag': [ '1.0.0' ],
1041 silly audit   hasown: [ '2.0.3' ],
1041 silly audit   'function-bind': [ '1.1.2' ],
1041 silly audit   'queue-microtask': [ '1.2.3' ],
1041 silly audit   commander: [ '4.1.1' ],
1041 silly audit   'lines-and-columns': [ '1.2.4' ],
1041 silly audit   mz: [ '2.7.0' ],
1041 silly audit   pirates: [ '4.0.7' ],
1041 silly audit   tinyglobby: [ '0.2.16' ],
1041 silly audit   'ts-interface-checker': [ '0.1.13' ],
1041 silly audit   'any-promise': [ '1.3.0' ],
1041 silly audit   'object-assign': [ '4.1.1' ],
1041 silly audit   'thenify-all': [ '1.6.0' ],
1041 silly audit   thenify: [ '3.3.1' ],
1041 silly audit   fdir: [ '6.5.0' ],
1041 silly audit   'is-number': [ '7.0.0' ],
1041 silly audit   escalade: [ '3.2.0' ],
1041 silly audit   esbuild: [ '0.21.5' ],
1041 silly audit   rollup: [ '4.60.2' ],
1041 silly audit   '@esbuild/aix-ppc64': [ '0.21.5' ],
1041 silly audit   '@esbuild/android-arm': [ '0.21.5' ],
1041 silly audit   '@esbuild/android-arm64': [ '0.21.5' ],
1041 silly audit   '@esbuild/android-x64': [ '0.21.5' ],
1041 silly audit   '@esbuild/darwin-arm64': [ '0.21.5' ],
1041 silly audit   '@esbuild/darwin-x64': [ '0.21.5' ],
1041 silly audit   '@esbuild/freebsd-arm64': [ '0.21.5' ],
1041 silly audit   '@esbuild/freebsd-x64': [ '0.21.5' ],
1041 silly audit   '@esbuild/linux-arm': [ '0.21.5' ],
1041 silly audit   '@esbuild/linux-arm64': [ '0.21.5' ],
1041 silly audit   '@esbuild/linux-ia32': [ '0.21.5' ],
1041 silly audit   '@esbuild/linux-loong64': [ '0.21.5' ],
1041 silly audit   '@esbuild/linux-mips64el': [ '0.21.5' ],
1041 silly audit   '@esbuild/linux-ppc64': [ '0.21.5' ],
1041 silly audit   '@esbuild/linux-riscv64': [ '0.21.5' ],
1041 silly audit   '@esbuild/linux-s390x': [ '0.21.5' ],
1041 silly audit   '@esbuild/linux-x64': [ '0.21.5' ],
1041 silly audit   '@esbuild/netbsd-x64': [ '0.21.5' ],
1041 silly audit   '@esbuild/openbsd-x64': [ '0.21.5' ],
1041 silly audit   '@esbuild/sunos-x64': [ '0.21.5' ],
1041 silly audit   '@esbuild/win32-arm64': [ '0.21.5' ],
1041 silly audit   '@esbuild/win32-ia32': [ '0.21.5' ],
1041 silly audit   '@esbuild/win32-x64': [ '0.21.5' ],
1041 silly audit   '@rollup/rollup-android-arm-eabi': [ '4.60.2' ],
1041 silly audit   '@rollup/rollup-android-arm64': [ '4.60.2' ],
1041 silly audit   '@rollup/rollup-darwin-arm64': [ '4.60.2' ],
1041 silly audit   '@rollup/rollup-darwin-x64': [ '4.60.2' ],
1041 silly audit   '@rollup/rollup-freebsd-arm64': [ '4.60.2' ],
1041 silly audit   '@rollup/rollup-freebsd-x64': [ '4.60.2' ],
1041 silly audit   '@rollup/rollup-linux-arm-gnueabihf': [ '4.60.2' ],
1041 silly audit   '@rollup/rollup-linux-arm-musleabihf': [ '4.60.2' ],
1041 silly audit   '@rollup/rollup-linux-arm64-gnu': [ '4.60.2' ],
1041 silly audit   '@rollup/rollup-linux-arm64-musl': [ '4.60.2' ],
1041 silly audit   '@rollup/rollup-linux-loong64-gnu': [ '4.60.2' ],
1041 silly audit   '@rollup/rollup-linux-loong64-musl': [ '4.60.2' ],
1041 silly audit   '@rollup/rollup-linux-ppc64-gnu': [ '4.60.2' ],
1041 silly audit   '@rollup/rollup-linux-ppc64-musl': [ '4.60.2' ],
1041 silly audit   '@rollup/rollup-linux-riscv64-gnu': [ '4.60.2' ],
1041 silly audit   '@rollup/rollup-linux-riscv64-musl': [ '4.60.2' ],
1041 silly audit   '@rollup/rollup-linux-s390x-gnu': [ '4.60.2' ],
1041 silly audit   '@rollup/rollup-linux-x64-gnu': [ '4.60.2' ],
1041 silly audit   '@rollup/rollup-linux-x64-musl': [ '4.60.2' ],
1041 silly audit   '@rollup/rollup-openbsd-x64': [ '4.60.2' ],
1041 silly audit   '@rollup/rollup-openharmony-arm64': [ '4.60.2' ],
1041 silly audit   '@rollup/rollup-win32-arm64-msvc': [ '4.60.2' ],
1041 silly audit   '@rollup/rollup-win32-ia32-msvc': [ '4.60.2' ],
1041 silly audit   '@rollup/rollup-win32-x64-gnu': [ '4.60.2' ],
1041 silly audit   '@rollup/rollup-win32-x64-msvc': [ '4.60.2' ],
1041 silly audit   '@types/estree': [ '1.0.8' ]
1041 silly audit }
1042 http cache @esbuild/win32-x64@https://registry.npmjs.org/@esbuild/win32-x64/-/win32-x64-0.21.5.tgz 0ms (cache hit)
1043 http cache rollup@https://registry.npmjs.org/rollup/-/rollup-4.60.2.tgz 0ms (cache hit)
1044 http cache esbuild@https://registry.npmjs.org/esbuild/-/esbuild-0.21.5.tgz 0ms (cache hit)
1045 http cache escalade@https://registry.npmjs.org/escalade/-/escalade-3.2.0.tgz 0ms (cache hit)
1046 http cache is-number@https://registry.npmjs.org/is-number/-/is-number-7.0.0.tgz 0ms (cache hit)
1047 http cache thenify@https://registry.npmjs.org/thenify/-/thenify-3.3.1.tgz 0ms (cache hit)
1048 http cache thenify-all@https://registry.npmjs.org/thenify-all/-/thenify-all-1.6.0.tgz 0ms (cache hit)
1049 http cache object-assign@https://registry.npmjs.org/object-assign/-/object-assign-4.1.1.tgz 0ms (cache hit)
1050 http cache any-promise@https://registry.npmjs.org/any-promise/-/any-promise-1.3.0.tgz 0ms (cache hit)
1051 http cache ts-interface-checker@https://registry.npmjs.org/ts-interface-checker/-/ts-interface-checker-0.1.13.tgz 0ms (cache hit)
1052 http cache tinyglobby@https://registry.npmjs.org/tinyglobby/-/tinyglobby-0.2.16.tgz 0ms (cache hit)
1053 http cache pirates@https://registry.npmjs.org/pirates/-/pirates-4.0.7.tgz 0ms (cache hit)
1054 http cache mz@https://registry.npmjs.org/mz/-/mz-2.7.0.tgz 0ms (cache hit)
1055 http cache lines-and-columns@https://registry.npmjs.org/lines-and-columns/-/lines-and-columns-1.2.4.tgz 0ms (cache hit)
1056 http cache commander@https://registry.npmjs.org/commander/-/commander-4.1.1.tgz 0ms (cache hit)
1057 http cache queue-microtask@https://registry.npmjs.org/queue-microtask/-/queue-microtask-1.2.3.tgz 0ms (cache hit)
1058 http cache function-bind@https://registry.npmjs.org/function-bind/-/function-bind-1.1.2.tgz 0ms (cache hit)
1059 http cache hasown@https://registry.npmjs.org/hasown/-/hasown-2.0.3.tgz 0ms (cache hit)
1060 http cache supports-preserve-symlinks-flag@https://registry.npmjs.org/supports-preserve-symlinks-flag/-/supports-preserve-symlinks-flag-1.0.0.tgz 0ms (cache hit)
1061 http cache path-parse@https://registry.npmjs.org/path-parse/-/path-parse-1.0.7.tgz 0ms (cache hit)
1062 http cache is-core-module@https://registry.npmjs.org/is-core-module/-/is-core-module-2.16.1.tgz 0ms (cache hit)
1063 http cache es-errors@https://registry.npmjs.org/es-errors/-/es-errors-1.3.0.tgz 0ms (cache hit)
1064 http cache pify@https://registry.npmjs.org/pify/-/pify-2.3.0.tgz 0ms (cache hit)
1065 http cache util-deprecate@https://registry.npmjs.org/util-deprecate/-/util-deprecate-1.0.2.tgz 0ms (cache hit)
1066 http cache cssesc@https://registry.npmjs.org/cssesc/-/cssesc-3.0.0.tgz 0ms (cache hit)
1067 http cache camelcase-css@https://registry.npmjs.org/camelcase-css/-/camelcase-css-2.0.1.tgz 0ms (cache hit)
1068 http cache read-cache@https://registry.npmjs.org/read-cache/-/read-cache-1.0.0.tgz 0ms (cache hit)
1069 http cache is-extglob@https://registry.npmjs.org/is-extglob/-/is-extglob-2.1.1.tgz 0ms (cache hit)
1070 http cache binary-extensions@https://registry.npmjs.org/binary-extensions/-/binary-extensions-2.3.0.tgz 0ms (cache hit)
1071 http cache to-regex-range@https://registry.npmjs.org/to-regex-range/-/to-regex-range-5.0.1.tgz 0ms (cache hit)
1072 http cache reusify@https://registry.npmjs.org/reusify/-/reusify-1.1.0.tgz 0ms (cache hit)
1073 http cache run-parallel@https://registry.npmjs.org/run-parallel/-/run-parallel-1.2.0.tgz 0ms (cache hit)
1074 http cache fastq@https://registry.npmjs.org/fastq/-/fastq-1.20.1.tgz 0ms (cache hit)
1075 http cache @nodelib/fs.scandir@https://registry.npmjs.org/@nodelib/fs.scandir/-/fs.scandir-2.1.5.tgz 0ms (cache hit)
1076 http cache merge2@https://registry.npmjs.org/merge2/-/merge2-1.4.1.tgz 0ms (cache hit)
1077 http cache @nodelib/fs.walk@https://registry.npmjs.org/@nodelib/fs.walk/-/fs.walk-1.2.8.tgz 1ms (cache hit)
1078 http cache @nodelib/fs.stat@https://registry.npmjs.org/@nodelib/fs.stat/-/fs.stat-2.0.5.tgz 0ms (cache hit)
1079 http cache fill-range@https://registry.npmjs.org/fill-range/-/fill-range-7.1.1.tgz 0ms (cache hit)
1080 http cache picomatch@https://registry.npmjs.org/picomatch/-/picomatch-2.3.2.tgz 0ms (cache hit)
1081 http cache readdirp@https://registry.npmjs.org/readdirp/-/readdirp-3.6.0.tgz 0ms (cache hit)
1082 http cache is-binary-path@https://registry.npmjs.org/is-binary-path/-/is-binary-path-2.1.0.tgz 0ms (cache hit)
1083 http cache braces@https://registry.npmjs.org/braces/-/braces-3.0.3.tgz 0ms (cache hit)
1084 http cache anymatch@https://registry.npmjs.org/anymatch/-/anymatch-3.1.3.tgz 0ms (cache hit)
1085 http cache sucrase@https://registry.npmjs.org/sucrase/-/sucrase-3.35.1.tgz 0ms (cache hit)
1086 http cache resolve@https://registry.npmjs.org/resolve/-/resolve-1.22.12.tgz 0ms (cache hit)
1087 http cache postcss-selector-parser@https://registry.npmjs.org/postcss-selector-parser/-/postcss-selector-parser-6.1.2.tgz 0ms (cache hit)
1088 http cache postcss-nested@https://registry.npmjs.org/postcss-nested/-/postcss-nested-6.2.0.tgz 0ms (cache hit)
1089 http cache postcss-load-config@https://registry.npmjs.org/postcss-load-config/-/postcss-load-config-6.0.1.tgz 0ms (cache hit)
1090 http cache postcss-js@https://registry.npmjs.org/postcss-js/-/postcss-js-4.1.0.tgz 0ms (cache hit)
1091 http cache postcss-import@https://registry.npmjs.org/postcss-import/-/postcss-import-15.1.0.tgz 0ms (cache hit)
1092 http cache object-hash@https://registry.npmjs.org/object-hash/-/object-hash-3.0.0.tgz 0ms (cache hit)
1093 http cache normalize-path@https://registry.npmjs.org/normalize-path/-/normalize-path-3.0.0.tgz 0ms (cache hit)
1094 http cache micromatch@https://registry.npmjs.org/micromatch/-/micromatch-4.0.8.tgz 0ms (cache hit)
1095 http cache lilconfig@https://registry.npmjs.org/lilconfig/-/lilconfig-3.1.3.tgz 1ms (cache hit)
1096 http cache jiti@https://registry.npmjs.org/jiti/-/jiti-1.21.7.tgz 0ms (cache hit)
1097 http cache is-glob@https://registry.npmjs.org/is-glob/-/is-glob-4.0.3.tgz 0ms (cache hit)
1098 http cache glob-parent@https://registry.npmjs.org/glob-parent/-/glob-parent-6.0.2.tgz 0ms (cache hit)
1099 http cache fast-glob@https://registry.npmjs.org/fast-glob/-/fast-glob-3.3.3.tgz 0ms (cache hit)
1100 http cache dlv@https://registry.npmjs.org/dlv/-/dlv-1.1.3.tgz 0ms (cache hit)
1101 http cache didyoumean@https://registry.npmjs.org/didyoumean/-/didyoumean-1.2.2.tgz 0ms (cache hit)
1102 http cache chokidar@https://registry.npmjs.org/chokidar/-/chokidar-3.6.0.tgz 0ms (cache hit)
1103 http cache arg@https://registry.npmjs.org/arg/-/arg-5.0.2.tgz 0ms (cache hit)
1104 http cache @alloc/quick-lru@https://registry.npmjs.org/@alloc/quick-lru/-/quick-lru-5.2.0.tgz 0ms (cache hit)
1105 http cache scheduler@https://registry.npmjs.org/scheduler/-/scheduler-0.23.2.tgz 0ms (cache hit)
1106 http cache loose-envify@https://registry.npmjs.org/loose-envify/-/loose-envify-1.4.0.tgz 0ms (cache hit)
1107 http cache source-map-js@https://registry.npmjs.org/source-map-js/-/source-map-js-1.2.1.tgz 0ms (cache hit)
1108 http cache nanoid@https://registry.npmjs.org/nanoid/-/nanoid-3.3.12.tgz 0ms (cache hit)
1109 http cache yallist@https://registry.npmjs.org/yallist/-/yallist-3.1.1.tgz 0ms (cache hit)
1110 http cache tslib@https://registry.npmjs.org/tslib/-/tslib-2.8.1.tgz 0ms (cache hit)
1111 http cache motion-utils@https://registry.npmjs.org/motion-utils/-/motion-utils-11.18.1.tgz 0ms (cache hit)
1112 http cache motion-dom@https://registry.npmjs.org/motion-dom/-/motion-dom-11.18.1.tgz 0ms (cache hit)
1113 http cache ms@https://registry.npmjs.org/ms/-/ms-2.1.3.tgz 0ms (cache hit)
1114 http cache update-browserslist-db@https://registry.npmjs.org/update-browserslist-db/-/update-browserslist-db-1.2.3.tgz 0ms (cache hit)
1115 http cache node-releases@https://registry.npmjs.org/node-releases/-/node-releases-2.0.38.tgz 0ms (cache hit)
1116 http cache electron-to-chromium@https://registry.npmjs.org/electron-to-chromium/-/electron-to-chromium-1.5.349.tgz 0ms (cache hit)
1117 http cache baseline-browser-mapping@https://registry.npmjs.org/baseline-browser-mapping/-/baseline-browser-mapping-2.10.27.tgz 0ms (cache hit)
1118 http cache postcss-value-parser@https://registry.npmjs.org/postcss-value-parser/-/postcss-value-parser-4.2.0.tgz 0ms (cache hit)
1119 http cache fraction.js@https://registry.npmjs.org/fraction.js/-/fraction.js-5.3.4.tgz 0ms (cache hit)
1120 http cache caniuse-lite@https://registry.npmjs.org/caniuse-lite/-/caniuse-lite-1.0.30001791.tgz 1ms (cache hit)
1121 http cache @types/babel__traverse@https://registry.npmjs.org/@types/babel__traverse/-/babel__traverse-7.28.0.tgz 0ms (cache hit)
1122 http cache @types/babel__template@https://registry.npmjs.org/@types/babel__template/-/babel__template-7.4.4.tgz 0ms (cache hit)
1123 http cache @types/babel__generator@https://registry.npmjs.org/@types/babel__generator/-/babel__generator-7.27.0.tgz 0ms (cache hit)
1124 http cache @jridgewell/resolve-uri@https://registry.npmjs.org/@jridgewell/resolve-uri/-/resolve-uri-3.1.2.tgz 0ms (cache hit)
1125 http cache @jridgewell/sourcemap-codec@https://registry.npmjs.org/@jridgewell/sourcemap-codec/-/sourcemap-codec-1.5.5.tgz 0ms (cache hit)
1126 http cache @babel/helper-string-parser@https://registry.npmjs.org/@babel/helper-string-parser/-/helper-string-parser-7.27.1.tgz 0ms (cache hit)
1127 http cache @babel/helper-globals@https://registry.npmjs.org/@babel/helper-globals/-/helper-globals-7.28.0.tgz 1ms (cache hit)
1128 http cache @babel/helper-plugin-utils@https://registry.npmjs.org/@babel/helper-plugin-utils/-/helper-plugin-utils-7.28.6.tgz 0ms (cache hit)
1129 http cache @babel/helper-module-imports@https://registry.npmjs.org/@babel/helper-module-imports/-/helper-module-imports-7.28.6.tgz 0ms (cache hit)
1130 http cache lru-cache@https://registry.npmjs.org/lru-cache/-/lru-cache-5.1.1.tgz 0ms (cache hit)
1131 http cache browserslist@https://registry.npmjs.org/browserslist/-/browserslist-4.28.2.tgz 0ms (cache hit)
1132 http cache @babel/helper-validator-option@https://registry.npmjs.org/@babel/helper-validator-option/-/helper-validator-option-7.27.1.tgz 0ms (cache hit)
1133 http cache @babel/compat-data@https://registry.npmjs.org/@babel/compat-data/-/compat-data-7.29.3.tgz 0ms (cache hit)
1134 http cache jsesc@https://registry.npmjs.org/jsesc/-/jsesc-3.1.0.tgz 0ms (cache hit)
1135 http cache @jridgewell/trace-mapping@https://registry.npmjs.org/@jridgewell/trace-mapping/-/trace-mapping-0.3.31.tgz 0ms (cache hit)
1136 http cache @jridgewell/gen-mapping@https://registry.npmjs.org/@jridgewell/gen-mapping/-/gen-mapping-0.3.13.tgz 0ms (cache hit)
1137 http cache picocolors@https://registry.npmjs.org/picocolors/-/picocolors-1.1.1.tgz 0ms (cache hit)
1138 http cache js-tokens@https://registry.npmjs.org/js-tokens/-/js-tokens-4.0.0.tgz 0ms (cache hit)
1139 http cache @babel/helper-validator-identifier@https://registry.npmjs.org/@babel/helper-validator-identifier/-/helper-validator-identifier-7.28.5.tgz 0ms (cache hit)
1140 http cache semver@https://registry.npmjs.org/semver/-/semver-6.3.1.tgz 0ms (cache hit)
1141 http cache json5@https://registry.npmjs.org/json5/-/json5-2.2.3.tgz 0ms (cache hit)
1142 http cache gensync@https://registry.npmjs.org/gensync/-/gensync-1.0.0-beta.2.tgz 0ms (cache hit)
1143 http cache debug@https://registry.npmjs.org/debug/-/debug-4.4.3.tgz 0ms (cache hit)
1144 http cache convert-source-map@https://registry.npmjs.org/convert-source-map/-/convert-source-map-2.0.0.tgz 0ms (cache hit)
1145 http cache @jridgewell/remapping@https://registry.npmjs.org/@jridgewell/remapping/-/remapping-2.3.5.tgz 0ms (cache hit)
1146 http cache @babel/types@https://registry.npmjs.org/@babel/types/-/types-7.29.0.tgz 1ms (cache hit)
1147 http cache @babel/traverse@https://registry.npmjs.org/@babel/traverse/-/traverse-7.29.0.tgz 0ms (cache hit)
1148 http cache @babel/template@https://registry.npmjs.org/@babel/template/-/template-7.28.6.tgz 0ms (cache hit)
1149 http cache @babel/parser@https://registry.npmjs.org/@babel/parser/-/parser-7.29.3.tgz 0ms (cache hit)
1150 http cache @babel/helpers@https://registry.npmjs.org/@babel/helpers/-/helpers-7.29.2.tgz 0ms (cache hit)
1151 http cache @babel/helper-module-transforms@https://registry.npmjs.org/@babel/helper-module-transforms/-/helper-module-transforms-7.28.6.tgz 0ms (cache hit)
1152 http cache @babel/helper-compilation-targets@https://registry.npmjs.org/@babel/helper-compilation-targets/-/helper-compilation-targets-7.28.6.tgz 0ms (cache hit)
1153 http cache @babel/generator@https://registry.npmjs.org/@babel/generator/-/generator-7.29.1.tgz 0ms (cache hit)
1154 http cache @babel/code-frame@https://registry.npmjs.org/@babel/code-frame/-/code-frame-7.29.0.tgz 0ms (cache hit)
1155 http cache react-refresh@https://registry.npmjs.org/react-refresh/-/react-refresh-0.17.0.tgz 1ms (cache hit)
1156 http cache @types/babel__core@https://registry.npmjs.org/@types/babel__core/-/babel__core-7.20.5.tgz 0ms (cache hit)
1157 http cache @rolldown/pluginutils@https://registry.npmjs.org/@rolldown/pluginutils/-/pluginutils-1.0.0-beta.27.tgz 0ms (cache hit)
1158 http cache @babel/plugin-transform-react-jsx-source@https://registry.npmjs.org/@babel/plugin-transform-react-jsx-source/-/plugin-transform-react-jsx-source-7.27.1.tgz 0ms (cache hit)
1159 http cache @types/estree@https://registry.npmjs.org/@types/estree/-/estree-1.0.8.tgz 0ms (cache hit)
1160 http cache @babel/plugin-transform-react-jsx-self@https://registry.npmjs.org/@babel/plugin-transform-react-jsx-self/-/plugin-transform-react-jsx-self-7.27.1.tgz 0ms (cache hit)
1161 http cache @babel/core@https://registry.npmjs.org/@babel/core/-/core-7.29.0.tgz 0ms (cache hit)
1162 http cache tailwindcss@https://registry.npmjs.org/tailwindcss/-/tailwindcss-3.4.19.tgz 0ms (cache hit)
1163 http cache react-dom@https://registry.npmjs.org/react-dom/-/react-dom-18.3.1.tgz 0ms (cache hit)
1164 http cache lucide-react@https://registry.npmjs.org/lucide-react/-/lucide-react-0.468.0.tgz 0ms (cache hit)
1165 http cache framer-motion@https://registry.npmjs.org/framer-motion/-/framer-motion-11.18.2.tgz 0ms (cache hit)
1166 http cache react@https://registry.npmjs.org/react/-/react-18.3.1.tgz 0ms (cache hit)
1167 http cache postcss@https://registry.npmjs.org/postcss/-/postcss-8.5.13.tgz 0ms (cache hit)
1168 http cache autoprefixer@https://registry.npmjs.org/autoprefixer/-/autoprefixer-10.5.0.tgz 0ms (cache hit)
1169 http cache vite@https://registry.npmjs.org/vite/-/vite-5.4.21.tgz 0ms (cache hit)
1170 http cache @vitejs/plugin-react@https://registry.npmjs.org/@vitejs/plugin-react/-/plugin-react-4.7.0.tgz 0ms (cache hit)
1171 http cache picomatch@https://registry.npmjs.org/picomatch/-/picomatch-4.0.4.tgz 0ms (cache hit)
1172 http cache fdir@https://registry.npmjs.org/fdir/-/fdir-6.5.0.tgz 0ms (cache hit)
1173 http cache glob-parent@https://registry.npmjs.org/glob-parent/-/glob-parent-5.1.2.tgz 0ms (cache hit)
1174 http cache glob-parent@https://registry.npmjs.org/glob-parent/-/glob-parent-5.1.2.tgz 0ms (cache hit)
1175 http cache @rollup/rollup-win32-x64-msvc@https://registry.npmjs.org/@rollup/rollup-win32-x64-msvc/-/rollup-win32-x64-msvc-4.60.2.tgz 0ms (cache hit)
1176 http cache @rollup/rollup-win32-x64-gnu@https://registry.npmjs.org/@rollup/rollup-win32-x64-gnu/-/rollup-win32-x64-gnu-4.60.2.tgz 0ms (cache hit)
1177 silly tarball no local data for @esbuild/win32-x64@https://registry.npmjs.org/@esbuild/win32-x64/-/win32-x64-0.21.5.tgz. Extracting by manifest.
1178 silly tarball no local data for rollup@https://registry.npmjs.org/rollup/-/rollup-4.60.2.tgz. Extracting by manifest.
1179 silly tarball no local data for esbuild@https://registry.npmjs.org/esbuild/-/esbuild-0.21.5.tgz. Extracting by manifest.
1180 silly tarball no local data for escalade@https://registry.npmjs.org/escalade/-/escalade-3.2.0.tgz. Extracting by manifest.
1181 silly tarball no local data for is-number@https://registry.npmjs.org/is-number/-/is-number-7.0.0.tgz. Extracting by manifest.
1182 silly tarball no local data for thenify@https://registry.npmjs.org/thenify/-/thenify-3.3.1.tgz. Extracting by manifest.
1183 silly tarball no local data for thenify-all@https://registry.npmjs.org/thenify-all/-/thenify-all-1.6.0.tgz. Extracting by manifest.
1184 silly tarball no local data for object-assign@https://registry.npmjs.org/object-assign/-/object-assign-4.1.1.tgz. Extracting by manifest.
1185 silly tarball no local data for any-promise@https://registry.npmjs.org/any-promise/-/any-promise-1.3.0.tgz. Extracting by manifest.
1186 silly tarball no local data for ts-interface-checker@https://registry.npmjs.org/ts-interface-checker/-/ts-interface-checker-0.1.13.tgz. Extracting by manifest.
1187 silly tarball no local data for tinyglobby@https://registry.npmjs.org/tinyglobby/-/tinyglobby-0.2.16.tgz. Extracting by manifest.
1188 silly tarball no local data for pirates@https://registry.npmjs.org/pirates/-/pirates-4.0.7.tgz. Extracting by manifest.
1189 silly tarball no local data for mz@https://registry.npmjs.org/mz/-/mz-2.7.0.tgz. Extracting by manifest.
1190 silly tarball no local data for lines-and-columns@https://registry.npmjs.org/lines-and-columns/-/lines-and-columns-1.2.4.tgz. Extracting by manifest.
1191 silly tarball no local data for commander@https://registry.npmjs.org/commander/-/commander-4.1.1.tgz. Extracting by manifest.
1192 silly tarball no local data for queue-microtask@https://registry.npmjs.org/queue-microtask/-/queue-microtask-1.2.3.tgz. Extracting by manifest.
1193 silly tarball no local data for function-bind@https://registry.npmjs.org/function-bind/-/function-bind-1.1.2.tgz. Extracting by manifest.
1194 silly tarball no local data for hasown@https://registry.npmjs.org/hasown/-/hasown-2.0.3.tgz. Extracting by manifest.
1195 silly tarball no local data for supports-preserve-symlinks-flag@https://registry.npmjs.org/supports-preserve-symlinks-flag/-/supports-preserve-symlinks-flag-1.0.0.tgz. Extracting by manifest.
1196 silly tarball no local data for path-parse@https://registry.npmjs.org/path-parse/-/path-parse-1.0.7.tgz. Extracting by manifest.
1197 silly tarball no local data for is-core-module@https://registry.npmjs.org/is-core-module/-/is-core-module-2.16.1.tgz. Extracting by manifest.
1198 silly tarball no local data for es-errors@https://registry.npmjs.org/es-errors/-/es-errors-1.3.0.tgz. Extracting by manifest.
1199 silly tarball no local data for pify@https://registry.npmjs.org/pify/-/pify-2.3.0.tgz. Extracting by manifest.
1200 silly tarball no local data for util-deprecate@https://registry.npmjs.org/util-deprecate/-/util-deprecate-1.0.2.tgz. Extracting by manifest.
1201 silly tarball no local data for cssesc@https://registry.npmjs.org/cssesc/-/cssesc-3.0.0.tgz. Extracting by manifest.
1202 silly tarball no local data for camelcase-css@https://registry.npmjs.org/camelcase-css/-/camelcase-css-2.0.1.tgz. Extracting by manifest.
1203 silly tarball no local data for read-cache@https://registry.npmjs.org/read-cache/-/read-cache-1.0.0.tgz. Extracting by manifest.
1204 silly tarball no local data for is-extglob@https://registry.npmjs.org/is-extglob/-/is-extglob-2.1.1.tgz. Extracting by manifest.
1205 silly tarball no local data for binary-extensions@https://registry.npmjs.org/binary-extensions/-/binary-extensions-2.3.0.tgz. Extracting by manifest.
1206 silly tarball no local data for to-regex-range@https://registry.npmjs.org/to-regex-range/-/to-regex-range-5.0.1.tgz. Extracting by manifest.
1207 silly tarball no local data for reusify@https://registry.npmjs.org/reusify/-/reusify-1.1.0.tgz. Extracting by manifest.
1208 silly tarball no local data for run-parallel@https://registry.npmjs.org/run-parallel/-/run-parallel-1.2.0.tgz. Extracting by manifest.
1209 silly tarball no local data for fastq@https://registry.npmjs.org/fastq/-/fastq-1.20.1.tgz. Extracting by manifest.
1210 silly tarball no local data for @nodelib/fs.scandir@https://registry.npmjs.org/@nodelib/fs.scandir/-/fs.scandir-2.1.5.tgz. Extracting by manifest.
1211 silly tarball no local data for merge2@https://registry.npmjs.org/merge2/-/merge2-1.4.1.tgz. Extracting by manifest.
1212 silly tarball no local data for @nodelib/fs.walk@https://registry.npmjs.org/@nodelib/fs.walk/-/fs.walk-1.2.8.tgz. Extracting by manifest.
1213 silly tarball no local data for @nodelib/fs.stat@https://registry.npmjs.org/@nodelib/fs.stat/-/fs.stat-2.0.5.tgz. Extracting by manifest.
1214 silly tarball no local data for fill-range@https://registry.npmjs.org/fill-range/-/fill-range-7.1.1.tgz. Extracting by manifest.
1215 silly tarball no local data for picomatch@https://registry.npmjs.org/picomatch/-/picomatch-2.3.2.tgz. Extracting by manifest.
1216 silly tarball no local data for readdirp@https://registry.npmjs.org/readdirp/-/readdirp-3.6.0.tgz. Extracting by manifest.
1217 silly tarball no local data for is-binary-path@https://registry.npmjs.org/is-binary-path/-/is-binary-path-2.1.0.tgz. Extracting by manifest.
1218 silly tarball no local data for braces@https://registry.npmjs.org/braces/-/braces-3.0.3.tgz. Extracting by manifest.
1219 silly tarball no local data for anymatch@https://registry.npmjs.org/anymatch/-/anymatch-3.1.3.tgz. Extracting by manifest.
1220 silly tarball no local data for sucrase@https://registry.npmjs.org/sucrase/-/sucrase-3.35.1.tgz. Extracting by manifest.
1221 silly tarball no local data for resolve@https://registry.npmjs.org/resolve/-/resolve-1.22.12.tgz. Extracting by manifest.
1222 silly tarball no local data for postcss-selector-parser@https://registry.npmjs.org/postcss-selector-parser/-/postcss-selector-parser-6.1.2.tgz. Extracting by manifest.
1223 silly tarball no local data for postcss-nested@https://registry.npmjs.org/postcss-nested/-/postcss-nested-6.2.0.tgz. Extracting by manifest.
1224 silly tarball no local data for postcss-load-config@https://registry.npmjs.org/postcss-load-config/-/postcss-load-config-6.0.1.tgz. Extracting by manifest.
1225 silly tarball no local data for postcss-js@https://registry.npmjs.org/postcss-js/-/postcss-js-4.1.0.tgz. Extracting by manifest.
1226 silly tarball no local data for postcss-import@https://registry.npmjs.org/postcss-import/-/postcss-import-15.1.0.tgz. Extracting by manifest.
1227 silly tarball no local data for object-hash@https://registry.npmjs.org/object-hash/-/object-hash-3.0.0.tgz. Extracting by manifest.
1228 silly tarball no local data for normalize-path@https://registry.npmjs.org/normalize-path/-/normalize-path-3.0.0.tgz. Extracting by manifest.
1229 silly tarball no local data for micromatch@https://registry.npmjs.org/micromatch/-/micromatch-4.0.8.tgz. Extracting by manifest.
1230 silly tarball no local data for lilconfig@https://registry.npmjs.org/lilconfig/-/lilconfig-3.1.3.tgz. Extracting by manifest.
1231 silly tarball no local data for jiti@https://registry.npmjs.org/jiti/-/jiti-1.21.7.tgz. Extracting by manifest.
1232 silly tarball no local data for is-glob@https://registry.npmjs.org/is-glob/-/is-glob-4.0.3.tgz. Extracting by manifest.
1233 silly tarball no local data for glob-parent@https://registry.npmjs.org/glob-parent/-/glob-parent-6.0.2.tgz. Extracting by manifest.
1234 silly tarball no local data for fast-glob@https://registry.npmjs.org/fast-glob/-/fast-glob-3.3.3.tgz. Extracting by manifest.
1235 silly tarball no local data for dlv@https://registry.npmjs.org/dlv/-/dlv-1.1.3.tgz. Extracting by manifest.
1236 silly tarball no local data for didyoumean@https://registry.npmjs.org/didyoumean/-/didyoumean-1.2.2.tgz. Extracting by manifest.
1237 silly tarball no local data for chokidar@https://registry.npmjs.org/chokidar/-/chokidar-3.6.0.tgz. Extracting by manifest.
1238 silly tarball no local data for arg@https://registry.npmjs.org/arg/-/arg-5.0.2.tgz. Extracting by manifest.
1239 silly tarball no local data for @alloc/quick-lru@https://registry.npmjs.org/@alloc/quick-lru/-/quick-lru-5.2.0.tgz. Extracting by manifest.
1240 silly tarball no local data for scheduler@https://registry.npmjs.org/scheduler/-/scheduler-0.23.2.tgz. Extracting by manifest.
1241 silly tarball no local data for loose-envify@https://registry.npmjs.org/loose-envify/-/loose-envify-1.4.0.tgz. Extracting by manifest.
1242 silly tarball no local data for source-map-js@https://registry.npmjs.org/source-map-js/-/source-map-js-1.2.1.tgz. Extracting by manifest.
1243 silly tarball no local data for nanoid@https://registry.npmjs.org/nanoid/-/nanoid-3.3.12.tgz. Extracting by manifest.
1244 silly tarball no local data for yallist@https://registry.npmjs.org/yallist/-/yallist-3.1.1.tgz. Extracting by manifest.
1245 silly tarball no local data for tslib@https://registry.npmjs.org/tslib/-/tslib-2.8.1.tgz. Extracting by manifest.
1246 silly tarball no local data for motion-utils@https://registry.npmjs.org/motion-utils/-/motion-utils-11.18.1.tgz. Extracting by manifest.
1247 silly tarball no local data for motion-dom@https://registry.npmjs.org/motion-dom/-/motion-dom-11.18.1.tgz. Extracting by manifest.
1248 silly tarball no local data for ms@https://registry.npmjs.org/ms/-/ms-2.1.3.tgz. Extracting by manifest.
1249 silly tarball no local data for update-browserslist-db@https://registry.npmjs.org/update-browserslist-db/-/update-browserslist-db-1.2.3.tgz. Extracting by manifest.
1250 silly tarball no local data for node-releases@https://registry.npmjs.org/node-releases/-/node-releases-2.0.38.tgz. Extracting by manifest.
1251 silly tarball no local data for electron-to-chromium@https://registry.npmjs.org/electron-to-chromium/-/electron-to-chromium-1.5.349.tgz. Extracting by manifest.
1252 silly tarball no local data for baseline-browser-mapping@https://registry.npmjs.org/baseline-browser-mapping/-/baseline-browser-mapping-2.10.27.tgz. Extracting by manifest.
1253 silly tarball no local data for postcss-value-parser@https://registry.npmjs.org/postcss-value-parser/-/postcss-value-parser-4.2.0.tgz. Extracting by manifest.
1254 silly tarball no local data for fraction.js@https://registry.npmjs.org/fraction.js/-/fraction.js-5.3.4.tgz. Extracting by manifest.
1255 silly tarball no local data for caniuse-lite@https://registry.npmjs.org/caniuse-lite/-/caniuse-lite-1.0.30001791.tgz. Extracting by manifest.
1256 silly tarball no local data for @types/babel__traverse@https://registry.npmjs.org/@types/babel__traverse/-/babel__traverse-7.28.0.tgz. Extracting by manifest.
1257 silly tarball no local data for @types/babel__template@https://registry.npmjs.org/@types/babel__template/-/babel__template-7.4.4.tgz. Extracting by manifest.
1258 silly tarball no local data for @types/babel__generator@https://registry.npmjs.org/@types/babel__generator/-/babel__generator-7.27.0.tgz. Extracting by manifest.
1259 silly tarball no local data for @jridgewell/resolve-uri@https://registry.npmjs.org/@jridgewell/resolve-uri/-/resolve-uri-3.1.2.tgz. Extracting by manifest.
1260 silly tarball no local data for @jridgewell/sourcemap-codec@https://registry.npmjs.org/@jridgewell/sourcemap-codec/-/sourcemap-codec-1.5.5.tgz. Extracting by manifest.
1261 silly tarball no local data for @babel/helper-string-parser@https://registry.npmjs.org/@babel/helper-string-parser/-/helper-string-parser-7.27.1.tgz. Extracting by manifest.
1262 silly tarball no local data for @babel/helper-globals@https://registry.npmjs.org/@babel/helper-globals/-/helper-globals-7.28.0.tgz. Extracting by manifest.
1263 silly tarball no local data for @babel/helper-plugin-utils@https://registry.npmjs.org/@babel/helper-plugin-utils/-/helper-plugin-utils-7.28.6.tgz. Extracting by manifest.
1264 silly tarball no local data for @babel/helper-module-imports@https://registry.npmjs.org/@babel/helper-module-imports/-/helper-module-imports-7.28.6.tgz. Extracting by manifest.
1265 silly tarball no local data for lru-cache@https://registry.npmjs.org/lru-cache/-/lru-cache-5.1.1.tgz. Extracting by manifest.
1266 silly tarball no local data for browserslist@https://registry.npmjs.org/browserslist/-/browserslist-4.28.2.tgz. Extracting by manifest.
1267 silly tarball no local data for @babel/helper-validator-option@https://registry.npmjs.org/@babel/helper-validator-option/-/helper-validator-option-7.27.1.tgz. Extracting by manifest.
1268 silly tarball no local data for @babel/compat-data@https://registry.npmjs.org/@babel/compat-data/-/compat-data-7.29.3.tgz. Extracting by manifest.
1269 silly tarball no local data for jsesc@https://registry.npmjs.org/jsesc/-/jsesc-3.1.0.tgz. Extracting by manifest.
1270 silly tarball no local data for @jridgewell/trace-mapping@https://registry.npmjs.org/@jridgewell/trace-mapping/-/trace-mapping-0.3.31.tgz. Extracting by manifest.
1271 silly tarball no local data for @jridgewell/gen-mapping@https://registry.npmjs.org/@jridgewell/gen-mapping/-/gen-mapping-0.3.13.tgz. Extracting by manifest.
1272 silly tarball no local data for picocolors@https://registry.npmjs.org/picocolors/-/picocolors-1.1.1.tgz. Extracting by manifest.
1273 silly tarball no local data for js-tokens@https://registry.npmjs.org/js-tokens/-/js-tokens-4.0.0.tgz. Extracting by manifest.
1274 silly tarball no local data for @babel/helper-validator-identifier@https://registry.npmjs.org/@babel/helper-validator-identifier/-/helper-validator-identifier-7.28.5.tgz. Extracting by manifest.
1275 silly tarball no local data for semver@https://registry.npmjs.org/semver/-/semver-6.3.1.tgz. Extracting by manifest.
1276 silly tarball no local data for json5@https://registry.npmjs.org/json5/-/json5-2.2.3.tgz. Extracting by manifest.
1277 silly tarball no local data for gensync@https://registry.npmjs.org/gensync/-/gensync-1.0.0-beta.2.tgz. Extracting by manifest.
1278 silly tarball no local data for debug@https://registry.npmjs.org/debug/-/debug-4.4.3.tgz. Extracting by manifest.
1279 silly tarball no local data for convert-source-map@https://registry.npmjs.org/convert-source-map/-/convert-source-map-2.0.0.tgz. Extracting by manifest.
1280 silly tarball no local data for @jridgewell/remapping@https://registry.npmjs.org/@jridgewell/remapping/-/remapping-2.3.5.tgz. Extracting by manifest.
1281 silly tarball no local data for @babel/types@https://registry.npmjs.org/@babel/types/-/types-7.29.0.tgz. Extracting by manifest.
1282 silly tarball no local data for @babel/traverse@https://registry.npmjs.org/@babel/traverse/-/traverse-7.29.0.tgz. Extracting by manifest.
1283 silly tarball no local data for @babel/template@https://registry.npmjs.org/@babel/template/-/template-7.28.6.tgz. Extracting by manifest.
1284 silly tarball no local data for @babel/parser@https://registry.npmjs.org/@babel/parser/-/parser-7.29.3.tgz. Extracting by manifest.
1285 silly tarball no local data for @babel/helpers@https://registry.npmjs.org/@babel/helpers/-/helpers-7.29.2.tgz. Extracting by manifest.
1286 silly tarball no local data for @babel/helper-module-transforms@https://registry.npmjs.org/@babel/helper-module-transforms/-/helper-module-transforms-7.28.6.tgz. Extracting by manifest.
1287 silly tarball no local data for @babel/helper-compilation-targets@https://registry.npmjs.org/@babel/helper-compilation-targets/-/helper-compilation-targets-7.28.6.tgz. Extracting by manifest.
1288 silly tarball no local data for @babel/generator@https://registry.npmjs.org/@babel/generator/-/generator-7.29.1.tgz. Extracting by manifest.
1289 silly tarball no local data for @babel/code-frame@https://registry.npmjs.org/@babel/code-frame/-/code-frame-7.29.0.tgz. Extracting by manifest.
1290 silly tarball no local data for react-refresh@https://registry.npmjs.org/react-refresh/-/react-refresh-0.17.0.tgz. Extracting by manifest.
1291 silly tarball no local data for @types/babel__core@https://registry.npmjs.org/@types/babel__core/-/babel__core-7.20.5.tgz. Extracting by manifest.
1292 silly tarball no local data for @rolldown/pluginutils@https://registry.npmjs.org/@rolldown/pluginutils/-/pluginutils-1.0.0-beta.27.tgz. Extracting by manifest.
1293 silly tarball no local data for @babel/plugin-transform-react-jsx-source@https://registry.npmjs.org/@babel/plugin-transform-react-jsx-source/-/plugin-transform-react-jsx-source-7.27.1.tgz. Extracting by manifest.
1294 silly tarball no local data for @types/estree@https://registry.npmjs.org/@types/estree/-/estree-1.0.8.tgz. Extracting by manifest.
1295 silly tarball no local data for @babel/plugin-transform-react-jsx-self@https://registry.npmjs.org/@babel/plugin-transform-react-jsx-self/-/plugin-transform-react-jsx-self-7.27.1.tgz. Extracting by manifest.
1296 silly tarball no local data for @babel/core@https://registry.npmjs.org/@babel/core/-/core-7.29.0.tgz. Extracting by manifest.
1297 silly tarball no local data for tailwindcss@https://registry.npmjs.org/tailwindcss/-/tailwindcss-3.4.19.tgz. Extracting by manifest.
1298 silly tarball no local data for react-dom@https://registry.npmjs.org/react-dom/-/react-dom-18.3.1.tgz. Extracting by manifest.
1299 silly tarball no local data for lucide-react@https://registry.npmjs.org/lucide-react/-/lucide-react-0.468.0.tgz. Extracting by manifest.
1300 silly tarball no local data for framer-motion@https://registry.npmjs.org/framer-motion/-/framer-motion-11.18.2.tgz. Extracting by manifest.
1301 silly tarball no local data for react@https://registry.npmjs.org/react/-/react-18.3.1.tgz. Extracting by manifest.
1302 silly tarball no local data for postcss@https://registry.npmjs.org/postcss/-/postcss-8.5.13.tgz. Extracting by manifest.
1303 silly tarball no local data for autoprefixer@https://registry.npmjs.org/autoprefixer/-/autoprefixer-10.5.0.tgz. Extracting by manifest.
1304 silly tarball no local data for vite@https://registry.npmjs.org/vite/-/vite-5.4.21.tgz. Extracting by manifest.
1305 silly tarball no local data for @vitejs/plugin-react@https://registry.npmjs.org/@vitejs/plugin-react/-/plugin-react-4.7.0.tgz. Extracting by manifest.
1306 silly tarball no local data for picomatch@https://registry.npmjs.org/picomatch/-/picomatch-4.0.4.tgz. Extracting by manifest.
1307 silly tarball no local data for fdir@https://registry.npmjs.org/fdir/-/fdir-6.5.0.tgz. Extracting by manifest.
1308 silly tarball no local data for glob-parent@https://registry.npmjs.org/glob-parent/-/glob-parent-5.1.2.tgz. Extracting by manifest.
1309 silly tarball no local data for glob-parent@https://registry.npmjs.org/glob-parent/-/glob-parent-5.1.2.tgz. Extracting by manifest.
1310 silly tarball no local data for @rollup/rollup-win32-x64-msvc@https://registry.npmjs.org/@rollup/rollup-win32-x64-msvc/-/rollup-win32-x64-msvc-4.60.2.tgz. Extracting by manifest.
1311 silly tarball no local data for @rollup/rollup-win32-x64-gnu@https://registry.npmjs.org/@rollup/rollup-win32-x64-gnu/-/rollup-win32-x64-gnu-4.60.2.tgz. Extracting by manifest.
1312 http fetch POST 200 https://registry.npmjs.org/-/npm/v1/security/advisories/bulk 1530ms
1313 silly audit report {
1313 silly audit report   vite: [
1313 silly audit report     {
1313 silly audit report       id: 1116229,
1313 silly audit report       url: 'https://github.com/advisories/GHSA-4w7w-66w2-5vf9',
1313 silly audit report       title: 'Vite Vulnerable to Path Traversal in Optimized Deps `.map` Handling',
1313 silly audit report       severity: 'moderate',
1313 silly audit report       vulnerable_versions: '<=6.4.1',
1313 silly audit report       cwe: [Array],
1313 silly audit report       cvss: [Object]
1313 silly audit report     }
1313 silly audit report   ],
1313 silly audit report   esbuild: [
1313 silly audit report     {
1313 silly audit report       id: 1102341,
1313 silly audit report       url: 'https://github.com/advisories/GHSA-67mh-4wv8-2f99',
1313 silly audit report       title: 'esbuild enables any website to send any requests to the development server and read the response',
1313 silly audit report       severity: 'moderate',
1313 silly audit report       vulnerable_versions: '<=0.24.2',
1313 silly audit report       cwe: [Array],
1313 silly audit report       cvss: [Object]
1313 silly audit report     }
1313 silly audit report   ]
1313 silly audit report }
1314 silly packumentCache corgi:https://registry.npmjs.org/vite cache-miss
1315 silly packumentCache corgi:https://registry.npmjs.org/esbuild cache-miss
1316 http fetch GET 200 https://registry.npmjs.org/rollup/-/rollup-4.60.2.tgz 1726ms (cache miss)
1317 http fetch GET 200 https://registry.npmjs.org/queue-microtask/-/queue-microtask-1.2.3.tgz 1744ms (cache miss)
1318 http fetch GET 200 https://registry.npmjs.org/function-bind/-/function-bind-1.1.2.tgz 3604ms (cache miss)
1319 http fetch GET 200 https://registry.npmjs.org/hasown/-/hasown-2.0.3.tgz 3701ms (cache miss)
1320 http fetch GET 200 https://registry.npmjs.org/supports-preserve-symlinks-flag/-/supports-preserve-symlinks-flag-1.0.0.tgz 3878ms (cache miss)
1321 http fetch GET 200 https://registry.npmjs.org/path-parse/-/path-parse-1.0.7.tgz 4250ms (cache miss)
1322 http fetch GET 200 https://registry.npmjs.org/es-errors/-/es-errors-1.3.0.tgz 4247ms (cache miss)
1323 http fetch GET 200 https://registry.npmjs.org/pify/-/pify-2.3.0.tgz 4262ms (cache miss)
1324 http fetch GET 200 https://registry.npmjs.org/cssesc/-/cssesc-3.0.0.tgz 5520ms (cache miss)
1325 http fetch GET 200 https://registry.npmjs.org/util-deprecate/-/util-deprecate-1.0.2.tgz 5991ms (cache miss)
1326 http fetch GET 200 https://registry.npmjs.org/is-core-module/-/is-core-module-2.16.1.tgz 8005ms (cache miss)
1327 http fetch GET 200 https://registry.npmjs.org/thenify-all/-/thenify-all-1.6.0.tgz 8697ms (cache miss)
1328 http fetch GET 200 https://registry.npmjs.org/camelcase-css/-/camelcase-css-2.0.1.tgz 8766ms (cache miss)
1329 http fetch GET 200 https://registry.npmjs.org/is-number/-/is-number-7.0.0.tgz 8976ms (cache miss)
1330 http fetch GET 200 https://registry.npmjs.org/object-assign/-/object-assign-4.1.1.tgz 8970ms (cache miss)
1331 http fetch GET 200 https://registry.npmjs.org/thenify/-/thenify-3.3.1.tgz 9004ms (cache miss)
1332 http fetch GET 200 https://registry.npmjs.org/lines-and-columns/-/lines-and-columns-1.2.4.tgz 8983ms (cache miss)
1333 http fetch GET 200 https://registry.npmjs.org/read-cache/-/read-cache-1.0.0.tgz 9019ms (cache miss)
1334 http fetch GET 200 https://registry.npmjs.org/is-binary-path/-/is-binary-path-2.1.0.tgz 8993ms (cache miss)
1335 http fetch GET 200 https://registry.npmjs.org/is-extglob/-/is-extglob-2.1.1.tgz 9086ms (cache miss)
1336 http fetch GET 200 https://registry.npmjs.org/run-parallel/-/run-parallel-1.2.0.tgz 9087ms (cache miss)
1337 http fetch GET 200 https://registry.npmjs.org/merge2/-/merge2-1.4.1.tgz 9320ms (cache miss)
1338 http fetch GET 200 https://registry.npmjs.org/anymatch/-/anymatch-3.1.3.tgz 9349ms (cache miss)
1339 http fetch GET 200 https://registry.npmjs.org/pirates/-/pirates-4.0.7.tgz 9481ms (cache miss)
1340 http fetch GET 200 https://registry.npmjs.org/dlv/-/dlv-1.1.3.tgz 9361ms (cache miss)
1341 http fetch GET 200 https://registry.npmjs.org/normalize-path/-/normalize-path-3.0.0.tgz 9524ms (cache miss)
1342 http fetch GET 200 https://registry.npmjs.org/glob-parent/-/glob-parent-6.0.2.tgz 9528ms (cache miss)
1343 http fetch GET 200 https://registry.npmjs.org/is-glob/-/is-glob-4.0.3.tgz 10271ms (cache miss)
1344 http fetch GET 200 https://registry.npmjs.org/motion-utils/-/motion-utils-11.18.1.tgz 10353ms (cache miss)
1345 http fetch GET 200 https://registry.npmjs.org/fill-range/-/fill-range-7.1.1.tgz 10439ms (cache miss)
1346 http fetch GET 200 https://registry.npmjs.org/ms/-/ms-2.1.3.tgz 10795ms (cache miss)
1347 http fetch GET 200 https://registry.npmjs.org/didyoumean/-/didyoumean-1.2.2.tgz 10851ms (cache miss)
1348 http fetch GET 200 https://registry.npmjs.org/postcss-nested/-/postcss-nested-6.2.0.tgz 10960ms (cache miss)
1349 http fetch GET 200 https://registry.npmjs.org/lru-cache/-/lru-cache-5.1.1.tgz 10942ms (cache miss)
1350 http fetch GET 200 https://registry.npmjs.org/binary-extensions/-/binary-extensions-2.3.0.tgz 11194ms (cache miss)
1351 http fetch GET 200 https://registry.npmjs.org/convert-source-map/-/convert-source-map-2.0.0.tgz 11023ms (cache miss)
1352 http fetch GET 200 https://registry.npmjs.org/@types/babel__template/-/babel__template-7.4.4.tgz 11168ms (cache miss)
1353 http fetch GET 200 https://registry.npmjs.org/@babel/compat-data/-/compat-data-7.29.3.tgz 11156ms (cache miss)
1354 http fetch GET 200 https://registry.npmjs.org/picocolors/-/picocolors-1.1.1.tgz 11161ms (cache miss)
1355 http fetch GET 200 https://registry.npmjs.org/@alloc/quick-lru/-/quick-lru-5.2.0.tgz 11270ms (cache miss)
1356 http fetch GET 200 https://registry.npmjs.org/yallist/-/yallist-3.1.1.tgz 11263ms (cache miss)
1357 http fetch GET 200 https://registry.npmjs.org/js-tokens/-/js-tokens-4.0.0.tgz 11210ms (cache miss)
1358 http fetch GET 200 https://registry.npmjs.org/@babel/helper-validator-identifier/-/helper-validator-identifier-7.28.5.tgz 11219ms (cache miss)
1359 http fetch GET 200 https://registry.npmjs.org/@types/babel__generator/-/babel__generator-7.27.0.tgz 11296ms (cache miss)
1360 http fetch GET 200 https://registry.npmjs.org/to-regex-range/-/to-regex-range-5.0.1.tgz 11567ms (cache miss)
1361 http fetch GET 200 https://registry.npmjs.org/@babel/helper-string-parser/-/helper-string-parser-7.27.1.tgz 11428ms (cache miss)
1362 http fetch GET 200 https://registry.npmjs.org/@babel/plugin-transform-react-jsx-self/-/plugin-transform-react-jsx-self-7.27.1.tgz 11633ms (cache miss)
1363 http fetch GET 200 https://registry.npmjs.org/lilconfig/-/lilconfig-3.1.3.tgz 11819ms (cache miss)
1364 http fetch GET 200 https://registry.npmjs.org/@types/estree/-/estree-1.0.8.tgz 12288ms (cache miss)
1365 http fetch GET 200 https://registry.npmjs.org/@babel/helper-plugin-utils/-/helper-plugin-utils-7.28.6.tgz 12641ms (cache miss)
1366 http fetch GET 200 https://registry.npmjs.org/@types/babel__core/-/babel__core-7.20.5.tgz 12585ms (cache miss)
1367 http fetch GET 200 https://registry.npmjs.org/@babel/plugin-transform-react-jsx-source/-/plugin-transform-react-jsx-source-7.27.1.tgz 12608ms (cache miss)
1368 http fetch GET 200 https://registry.npmjs.org/readdirp/-/readdirp-3.6.0.tgz 13001ms (cache miss)
1369 http fetch GET 200 https://registry.npmjs.org/@babel/code-frame/-/code-frame-7.29.0.tgz 12831ms (cache miss)
1370 http fetch GET 200 https://registry.npmjs.org/arg/-/arg-5.0.2.tgz 13065ms (cache miss)
1371 http fetch GET 200 https://registry.npmjs.org/jsesc/-/jsesc-3.1.0.tgz 12981ms (cache miss)
1372 http fetch GET 200 https://registry.npmjs.org/node-releases/-/node-releases-2.0.38.tgz 13038ms (cache miss)
1373 http fetch GET 200 https://registry.npmjs.org/tinyglobby/-/tinyglobby-0.2.16.tgz 13222ms (cache miss)
1374 http fetch GET 200 https://registry.npmjs.org/loose-envify/-/loose-envify-1.4.0.tgz 13114ms (cache miss)
1375 http fetch GET 200 https://registry.npmjs.org/@babel/helper-globals/-/helper-globals-7.28.0.tgz 13349ms (cache miss)
1376 http fetch GET 200 https://registry.npmjs.org/update-browserslist-db/-/update-browserslist-db-1.2.3.tgz 13387ms (cache miss)
1377 http fetch GET 200 https://registry.npmjs.org/glob-parent/-/glob-parent-5.1.2.tgz 13349ms (cache miss)
1378 http fetch GET 200 https://registry.npmjs.org/mz/-/mz-2.7.0.tgz 13673ms (cache miss)
1379 http fetch GET 200 https://registry.npmjs.org/@types/babel__traverse/-/babel__traverse-7.28.0.tgz 13564ms (cache miss)
1380 http fetch GET 200 https://registry.npmjs.org/gensync/-/gensync-1.0.0-beta.2.tgz 13709ms (cache miss)
1381 http fetch GET 200 https://registry.npmjs.org/micromatch/-/micromatch-4.0.8.tgz 13865ms (cache miss)
1382 http fetch GET 200 https://registry.npmjs.org/glob-parent/-/glob-parent-5.1.2.tgz 13675ms (cache miss)
1383 http fetch GET 200 https://registry.npmjs.org/postcss-js/-/postcss-js-4.1.0.tgz 13909ms (cache miss)
1384 http fetch GET 200 https://registry.npmjs.org/@rolldown/pluginutils/-/pluginutils-1.0.0-beta.27.tgz 13758ms (cache miss)
1385 http fetch GET 200 https://registry.npmjs.org/debug/-/debug-4.4.3.tgz 13880ms (cache miss)
1386 http fetch GET 200 https://registry.npmjs.org/object-hash/-/object-hash-3.0.0.tgz 14045ms (cache miss)
1387 http fetch GET 200 https://registry.npmjs.org/commander/-/commander-4.1.1.tgz 14294ms (cache miss)
1388 http fetch GET 200 https://registry.npmjs.org/semver/-/semver-6.3.1.tgz 14130ms (cache miss)
1389 http fetch GET 200 https://registry.npmjs.org/ts-interface-checker/-/ts-interface-checker-0.1.13.tgz 14880ms (cache miss)
1390 http fetch GET 200 https://registry.npmjs.org/postcss-load-config/-/postcss-load-config-6.0.1.tgz 15028ms (cache miss)
1391 http fetch GET 200 https://registry.npmjs.org/escalade/-/escalade-3.2.0.tgz 15365ms (cache miss)
1392 http fetch GET 200 https://registry.npmjs.org/braces/-/braces-3.0.3.tgz 16011ms (cache miss)
1393 http fetch GET 200 https://registry.npmjs.org/@babel/helper-validator-option/-/helper-validator-option-7.27.1.tgz 16058ms (cache miss)
1394 http fetch GET 200 https://registry.npmjs.org/@jridgewell/resolve-uri/-/resolve-uri-3.1.2.tgz 16116ms (cache miss)
1395 http fetch GET 200 https://registry.npmjs.org/react-refresh/-/react-refresh-0.17.0.tgz 16094ms (cache miss)
1396 http fetch GET 200 https://registry.npmjs.org/browserslist/-/browserslist-4.28.2.tgz 16160ms (cache miss)
1397 http fetch GET 200 https://registry.npmjs.org/fdir/-/fdir-6.5.0.tgz 16119ms (cache miss)
1398 http fetch GET 200 https://registry.npmjs.org/esbuild/-/esbuild-0.21.5.tgz 16584ms (cache miss)
1399 http fetch GET 200 https://registry.npmjs.org/reusify/-/reusify-1.1.0.tgz 16542ms (cache miss)
1400 http fetch GET 200 https://registry.npmjs.org/postcss-value-parser/-/postcss-value-parser-4.2.0.tgz 16425ms (cache miss)
1401 http fetch GET 200 https://registry.npmjs.org/fastq/-/fastq-1.20.1.tgz 16615ms (cache miss)
1402 http fetch GET 200 https://registry.npmjs.org/@vitejs/plugin-react/-/plugin-react-4.7.0.tgz 16407ms (cache miss)
1403 http fetch GET 200 https://registry.npmjs.org/chokidar/-/chokidar-3.6.0.tgz 16674ms (cache miss)
1404 http fetch GET 200 https://registry.npmjs.org/@babel/helper-module-imports/-/helper-module-imports-7.28.6.tgz 17157ms (cache miss)
1405 http fetch GET 200 https://registry.npmjs.org/baseline-browser-mapping/-/baseline-browser-mapping-2.10.27.tgz 17232ms (cache miss)
1406 http fetch GET 200 https://registry.npmjs.org/picomatch/-/picomatch-2.3.2.tgz 17433ms (cache miss)
1407 http fetch GET 200 https://registry.npmjs.org/tslib/-/tslib-2.8.1.tgz 17505ms (cache miss)
1408 http fetch GET 200 https://registry.npmjs.org/postcss-import/-/postcss-import-15.1.0.tgz 17608ms (cache miss)
1409 http fetch GET 200 https://registry.npmjs.org/picomatch/-/picomatch-4.0.4.tgz 17417ms (cache miss)
1410 http fetch GET 200 https://registry.npmjs.org/electron-to-chromium/-/electron-to-chromium-1.5.349.tgz 17561ms (cache miss)
1411 http fetch GET 200 https://registry.npmjs.org/@nodelib/fs.stat/-/fs.stat-2.0.5.tgz 17944ms (cache miss)
1412 http fetch GET 200 https://registry.npmjs.org/esbuild 17390ms (cache miss)
1413 silly packumentCache corgi:https://registry.npmjs.org/esbuild set size:undefined disposed:false
1414 http fetch GET 200 https://registry.npmjs.org/scheduler/-/scheduler-0.23.2.tgz 18093ms (cache miss)
1415 http fetch GET 200 https://registry.npmjs.org/@babel/helper-compilation-targets/-/helper-compilation-targets-7.28.6.tgz 18109ms (cache miss)
1416 http fetch GET 200 https://registry.npmjs.org/@esbuild/win32-x64/-/win32-x64-0.21.5.tgz 18473ms (cache miss)
1417 http fetch GET 200 https://registry.npmjs.org/@babel/helper-module-transforms/-/helper-module-transforms-7.28.6.tgz 18239ms (cache miss)
1418 http fetch GET 200 https://registry.npmjs.org/@babel/template/-/template-7.28.6.tgz 18329ms (cache miss)
1419 http fetch GET 200 https://registry.npmjs.org/source-map-js/-/source-map-js-1.2.1.tgz 18584ms (cache miss)
1420 http fetch GET 200 https://registry.npmjs.org/nanoid/-/nanoid-3.3.12.tgz 18814ms (cache miss)
1421 http fetch GET 200 https://registry.npmjs.org/fraction.js/-/fraction.js-5.3.4.tgz 18799ms (cache miss)
1422 http fetch GET 200 https://registry.npmjs.org/json5/-/json5-2.2.3.tgz 18755ms (cache miss)
1423 http fetch GET 200 https://registry.npmjs.org/react/-/react-18.3.1.tgz 18821ms (cache miss)
1424 http fetch GET 200 https://registry.npmjs.org/@nodelib/fs.scandir/-/fs.scandir-2.1.5.tgz 20004ms (cache miss)
1425 http fetch GET 200 https://registry.npmjs.org/@jridgewell/sourcemap-codec/-/sourcemap-codec-1.5.5.tgz 20116ms (cache miss)
1426 http fetch GET 200 https://registry.npmjs.org/any-promise/-/any-promise-1.3.0.tgz 20459ms (cache miss)
1427 http fetch GET 200 https://registry.npmjs.org/@nodelib/fs.walk/-/fs.walk-1.2.8.tgz 20443ms (cache miss)
1428 http fetch GET 200 https://registry.npmjs.org/vite 20380ms (cache miss)
1429 silly packumentCache corgi:https://registry.npmjs.org/vite set size:undefined disposed:false
1430 http fetch GET 200 https://registry.npmjs.org/@rollup/rollup-win32-x64-gnu/-/rollup-win32-x64-gnu-4.60.2.tgz 21092ms (cache miss)
1431 http fetch GET 200 https://registry.npmjs.org/@jridgewell/gen-mapping/-/gen-mapping-0.3.13.tgz 21257ms (cache miss)
1432 http fetch GET 200 https://registry.npmjs.org/@babel/parser/-/parser-7.29.3.tgz 21280ms (cache miss)
1433 http fetch GET 200 https://registry.npmjs.org/@jridgewell/remapping/-/remapping-2.3.5.tgz 21294ms (cache miss)
1434 silly packumentCache corgi:https://registry.npmjs.org/@vitejs%2fplugin-react cache-miss
1435 http fetch GET 200 https://registry.npmjs.org/@rollup/rollup-win32-x64-msvc/-/rollup-win32-x64-msvc-4.60.2.tgz 21517ms (cache miss)
1436 http fetch GET 200 https://registry.npmjs.org/jiti/-/jiti-1.21.7.tgz 22094ms (cache miss)
1437 http fetch GET 200 https://registry.npmjs.org/@vitejs%2fplugin-react 616ms (cache miss)
1438 silly packumentCache corgi:https://registry.npmjs.org/@vitejs%2fplugin-react set size:undefined disposed:false
1439 http fetch GET 200 https://registry.npmjs.org/postcss-selector-parser/-/postcss-selector-parser-6.1.2.tgz 23641ms (cache miss)
1440 http fetch GET 200 https://registry.npmjs.org/@jridgewell/trace-mapping/-/trace-mapping-0.3.31.tgz 24364ms (cache miss)
1441 http fetch GET 200 https://registry.npmjs.org/@babel/generator/-/generator-7.29.1.tgz 24747ms (cache miss)
1442 http fetch GET 200 https://registry.npmjs.org/postcss/-/postcss-8.5.13.tgz 24719ms (cache miss)
1443 http fetch GET 200 https://registry.npmjs.org/fast-glob/-/fast-glob-3.3.3.tgz 25491ms (cache miss)
1444 http fetch GET 200 https://registry.npmjs.org/motion-dom/-/motion-dom-11.18.1.tgz 25476ms (cache miss)
1445 http fetch GET 200 https://registry.npmjs.org/vite/-/vite-5.4.21.tgz 25469ms (cache miss)
1446 http fetch GET 200 https://registry.npmjs.org/react-dom/-/react-dom-18.3.1.tgz 26180ms (cache miss)
1447 http fetch GET 200 https://registry.npmjs.org/@babel/traverse/-/traverse-7.29.0.tgz 26924ms (cache miss)
1448 http fetch GET 200 https://registry.npmjs.org/autoprefixer/-/autoprefixer-10.5.0.tgz 26912ms (cache miss)
1449 http fetch GET 200 https://registry.npmjs.org/resolve/-/resolve-1.22.12.tgz 28344ms (cache miss)
